Query	Path	Length	Query covered by path	Query covered by hits	Mean hit identity	Total hit mismatches	Total hit gap opens	Relative length	Length discrepancy	E-value product	Sequence
gb|X90856|+|387-1194|ARO:3002645|APH(3')-IIb	(14258) 209758+ (15064)	807	100%	100%	98.141%	15	0	100%	0	0	ATGCATGATGCAGCCACCTCCATGCCGCCGCAGGCTCCCTCAACCTGGGCCGACTACCTTGCCGGCTACCGCTGGCGAGGGCAGGGCGAAGGATGTTCCGCGGCCACGGTCCACCGCCTGGAGGCTGCGCGGCGGCCGACCCTGTTCGTCAAGCAGGAAGTGCTGTCCGTACATGCCGAGCTGCCCGCCGAAATCGCCCGCCTGCGCTGGCTGCACGGTGCCGGCATCGACTGCCCGCAGGTGCTGAACGAAACCCAGAGCGACGGCCGGCAATGGCTGCTGATGAGCGCCGTGCCGGGGGACACGCTGTCCGCGCTGGCGCAGCGCGGCGAGCTGGAGCCCGAGCGCCTGGTGCGCCTGGTGGCCGCCGCCCTGCGCCGGCTGCACGATCTCGATCCGGCCGCCTGTCCCTTCGACCATCGCCTGGAACGGCGCCTGGACACCGTGCGCCAGCGGGTCGAGGCCGGGCTGGTGGACGAGGCGGACTTCGATGACGACCATCGCGGTCGCAGCGCCACGGAGCTGTACCGCCTGCTCCTCGACCGGCGTCCGGCGGTCGAAGACCTGGTGGTCGCCCATGGCGACGCCTGCCTGCCAAATCTGCTGGCGGAGGGGCGGCGCTTCAGCGGCTTCATCGATTGCGGGCGGCTCGGCGTCGCCGACCGGCACCAGGACCTGGCCCTGGCCGCGCGGGACATCGAGGCCGAACTCGGCGCGGCCTGGGCCGAGGCCTTCCTCGTCGAATACGGCGGCGATATCGACGGCGAACGGTTGGCGTACTTCAGGCTATTGGACGAGTTCTTCTAG
gb|AE004091.2|+|3982020-3984009|ARO:3002985|arnA	(34957) 218296+ (36945)	1989	100%	100%	99.397%	12	0	100%	0	0	ATGACCTCGAAAGCCGTCGTCTTCGCCTACCACGACATCGGTTGCACCGGTATCGAAGCCCTGCTCAATGCCGGCTACGAGATCGCCGCCGTCTTCACCCATGCCGACGACCCACGAGAAAACACCTTCTACGCCTCGGTCGCACGCCTCTGTGCCGAGCGCGGCATTCCGCTGCACGCGCCCGAGGACGTGAACCATCCGCTGTGGCTGGAGCGCATCCGCCAACTGCGCCCGGACTTCCTGTTCTCCTTCTACTACCGCCGCCTGCTCGGCGCCGAGCTGCTCGCCTGCGCCGCACGCGGCGCCTACAACCTGCACGGTTCGCTGCTGCCGCGCTACCGCGGACGCGCCCCGGCGAACTGGGTGCTGGTCAACGGCGAAACGCAGACCGGGGTGACCCTGCATCGCATGATCGAGCGCGCCGACGCCGGGCCGATCCTCGCCCAGCAGGCCGTCGCCATCGACCCCGAGGACACCGCCCTGAGCCTGCACGGCAAGCTGCGCAAGGCCGCCGGCGCCCTGCTGCGCGACAGCCTGCCGCTGCTCGCCCTCGGCGTGCTGCCGGAAGTCGAGCAGGACGAGAGCCAGGCCAGCCACTTCGGCCGGCGCACCCCGGCGGACGGCCTGCTCGACTGGCACAGGCCGGCACGGCAGCTGTACGACCTGGTGCGCGCGGTGACCCAGCCCTACCCTGGCGCCTTCTGCCAGGTCGGCGAACAGAAGCTGATCGTCTGGAGCGCCGAGGTGGTCGCCGGCAACCACGGTCGCGAGCCGGGCAGCGTACTGTCCTGCGACCCGCTGCGGATCGCCTGCGGCGAGGACTCGCTGGTGCTGCGCTTCGGCCAGCGCGGCGAGCGCGGCCTGTACCTGGCCGGCACGCAACTGGCCACCGAGCTGGGCCTGGTCGAGGGCGCGCGCCTGCGTGGCGCGGCGTCCGGCCCGCAGCGCCGCACGCGGGTGCTGATCCTCGGGGTCAACGGCTTCATCGGCAACCACCTGTCCGAACGCCTGCTGCGCGACGGGCGCTACGAGGTCCACGGCATGGACATCGGCTCCGACGCCATCGAACGGCTCAAGGCCGACCCGCATTTCCACTTCGTCGAAGGCGACATCGGCATCCATTCGGAGTGGCTCGAATATCATGTGAAGAAATGCGACGTGGTCCTGCCGCTGGTGGCCATCGCCACGCCCATCGAGTACACGCGCAACCCGCTGCGGGTGTTCGAACTGGACTTCGAGGAAAACCTGCGGATCGTCCGCTACTGCGTGAAATACGGCAAACGCGTGGTGTTCCCTTCCACCTCCGAGGTCTACGGCATGTGCCAGGACCCGGACTTCGACGAAGACCGCTCGAACCTGGTGGTCGGGCCGATCAACAAGCAGCGCTGGATCTACTCGGTGTCCAAGCAGTTGCTCGACCGGGTGATCTGGGCCTACGGCCAGCAGGGCCTGCGCTTCACCCTGTTCCGTCCGTTCAACTGGATGGGCCCGCGCCTGGACCGCCTGGATTCGGCGCGGATCGGCAGCTCGCGGGCGATCACCCAGCTCATCCTGCACCTGGTCGAAGGCACGCCGATCCGCCTGGTCGACGGCGGCGCGCAGAAGCGCTGCTTCACCGACGTCGACGACGGCATCGAGGCCCTCGCGCGGATCATCGACAACCGCGACGGCCGCTGCGACGGGCAGATCGTCAACATCGGCAACCCGGACAACGAGGCGAGCATCCGCCAGCTCGGCGAGGAACTGCTGCGCCAGTTCGAGGCCCACCCGCTGCGCGCGCAGTTCCCGCCCTTCGCCGGCTTCCGCGAGGTGGAGAGCCGCAGCTTCTACGGCGACGGCTACCAGGACGTGGCCCACCGCAAGCCGAGCATCGACAACGCCCGGCGCCTGCTCGACTGGCAGCCCACCATCGAACTGCGCGAGACCATCGGCAAGACCCTCGACTTCTTCCTCCACGAAGCGCTCCGCGAGCGCGAGGCACAGGCGTGA
gb|JQ340365|+|0-1434|ARO:3003583|basS	(32652) 215866+ (34085)	1434	100%	100%	99.721%	4	0	100%	0	0	ATGTCCCGTGCCGCCGTCCCCTCCGTCCGCCGGCGCCTGCTGGTCAACCTGCTGGTCGGCTTCGTGCTGTGCTGGCTGAGCGTGGCGGCGCTGACCTACCACCTCTCGCTGAAGCAAGTGAACCGCCTGTTCGACGACGACATGGTGGACTTCGGCGAAGCCGCCCTGCGCCTGCTCGACCTTGCCACCGAAGACCAGGCCGGCGAGGACGGCTCCATCACCGAGATCATCGAACGCAGCCGCGAAGCGATCCAGGGTCTGCCCCTGCTGCGCCGCGAAAGCGCCCTCGGCTACGCCCTGTGGCGCGACGGCCAGCCGCTGCTGTCGAGCCTCAACCTGCCGCCGGAGATCACGGCCCAGGGCCCCGGCTTCAGCACCGTGGAAGCCCAGGGCACCCACTGGCGGGTGCTCCAGCTGAACATCGACGGCTTCCAGATCTGGATCAGCGAAAACCTGATCTACCGCCAGCACACCATGAACCTGCTGCTGTTCTACTCGCTGTTCCCACTGCTGCTGGCGCTGCCGTTGCTCGGCGGCCTGGTCTGGTTCGGCGTTGCCCGCGGCCTGGCGCCGCTACGCGAAGTGCAGGCCGAGGTCCAGCAGCGCTCCGCGCGACACCTGCAGCCGATCGCCGTGGAAGCGGTGCCGCTGGAGATCCGCGGCCTCATCGACGAACTCAACCTCCTGCTGGAGCGTCTGCGCACCGCCCTCGAGGCCGAACGCCGACTGACCAGCGACGCCGCCCATGAAATCCGCACGCCACTGGCCAGCCTGCGCACCCATGCCCAGGTCGCGCTGCGTTCGGAAGACCCCAAGGCCCACGCCCGCGGCCTGCTGCAAGTCAGTCGCAGCGTCGAGCGGATCAGCACCTTGATGGAGCAGATCCTGCTCCTCGCCCGCCTCGACGGCGACGCCCTGCTGGAGCAATTCCACCCGGTCAACCTCGCCACCCTGGCCGAAGACGTACTCTCCGAACTGGCGCGCCAGGCCATCGACAAGGACATCGAGCTGTCGTTGCACCAGGAGACCGTGTACGTGATGGGCATCGACCTGTGGCTGAAGGCGATGGTCGGCAACCTGGTGGGCAACGCCCTGCGCTACACACCGGCCGGGGGCCAGGTCGAGATCCGCGTCGAGAATCGCGCCCAGCACGCCGTGCTGCGGGTGCGCGACAACGGCCCCGGGGTCGCCCTGGAAGAGCAGCAGGCGATCTTCACCCGCTTCTACCGCAGCCCCGCCACCAGCAGCGGCGAGGGCAGCGGACTGGGCCTGCCGATCGTCAAGCGCATCGTCGAACTGCACTTCGGCAGTATCGGCCTGGGCAAGGGACTGGAGGGCAAAGGGCTGGAAGTGCAGGTGTTCCTGCCGAAGACCCAGCCGGACGCGACGCGGCCGCCGGCCAGAGGTCCGGACAGCGGGCGGTCACATATCTGA
gb|GQ343019|+|132-1023|ARO:3002999|CblA-1	(938) 9155- (1828)	891	100%	100%	99.439%	5	0	100%	0	0	ATGAAAGCATATTTCATCGCCATACTTACCTTATTCACTTGTATAGCTACCGTCGTCCGGGCGCAGCAAATGTCTGAACTTAAAAACCGGATTGACAGTCTGCTCAATGGCAAGAAAGCCACCGTTGGTATAGCCGTATGGACAGACAAAGGAGACATGCTCCGGTATAACGACCATGTACACTTCCCCTTGCTCAGTGTATTCAAATTCCATGTGGCACTGGCCGTACTGGACAAGATGGATAAGCAAAGCATCAGTCTGGACAGCATTGTTTCCATAAAGGCATCCCAAATGCCGCCCAATACCTACAGCCCCCTGCGGAAGAAGTTTCCCGACCAGGATTTCACGATTACGCTTAGGGAACTGATGCAATACAGCATTTCCCAAAGCGACAACAATGCCTGCGACATCTTGATAGAATATGCAGGAGGCATCAAACATATCAATGACTATATCCACCGGTTGAGTATCGACTCCTTCAACCTCTCGGAAACAGAAGACGGCATGCACTCCAGCTTCGAGGCTGTATACCGCAACTGGAGTACTCCTTCCGCTATGGCCCGACTACTGAGAACGGCCGATGAAAAAGAGTTGTTCTCCAACAAGGAGCTGAAAGACTTCTTGTGGCAGACCATGATAGATACTGAAACCGGTGCCAACAAACTGAAAGGTATGTTGCCAGCCAAAACCGTGGTAGGACACAAGACCGGCTCTTCCGACCGCAATGCCGACGGTATGAAAACTGCAGATAATGATGCCGGCCTCGTTATCCTTCCCGACGGCCGGAAATACTACATTGCCGCCTTCGTCATGGACTCATACGAGACAGATGAGGACAATGCGAACATCATCGCCCGCATATCACGCATGGTATATGATGCGATGAGATGA
gb|AE004091.2|+|3450837-3451509|ARO:3005063|cprR	(23764) 12305+ (24435)	672	100%	100%	99.851%	1	0	100%	0	0	ATGCATATCCACGTACTCGTCGTCGAAGACAACTTCGATCTCGCCGGCACCGTCATCGACTACCTCGAGGCCGCCGGGGTGGTCTGCGATCACGCCCGCGACGGCCAGGCCGGCCTCAACCTGGCGCGCGCCAACCGCTACGACGTGATCCTGCTGGACATCATGCTGCCGCGCATCAACGGCCGGCAGGTCTGTCGCCAACTGCGCGAAGCCGGCCTGCAGACCCCGGTACTCATGCTCACCGCCCTGGATACCCTGCAGGACAAGCTCGACGGCTTCGACGCCGGCGCCGACGACTACCTGCTCAAGCCCTTCGAACTGCCGGAGCTGCTGGTCCGCCTGCAAGCCCTCAGCCGGCGCCGCAGCGGCCAGGCCCAGCGCCTGCAGGTCGACGACCTGGTGATGGACCTCGACAGCCGCCAGGCCAGCCGCGGCGGCACGCCCCTGGCGCTGTCCCCCACCGCCTGGAAGATCCTTGAGTGCCTGATGCGCGCCAGCCCCGCGCTGGTCACCCGCGAGCAGCTGGGGCGCAGCGTCTGGGGCGACGAACCGCCGGAAAGCAACACCCTCAACGTGCACATGCACCACCTGCGCAGCACCGTCGACAAGGGGTTCGCCACCCCTCTGATCCATACCCTGCACAGCGTCGGCTTCCAGCTGGAGCGCAAATGA
gb|AE004091.2|+|3451505-3452801|ARO:3005064|cprS	(24432) 12305+ (25727)	1296	100%	100%	99.46%	7	0	100%	0	0	ATGAAACGCGGCCTGAGCCTGATCCCCATCGTCGGCGGCGGCGTCACCCTGATCCTCGCCGGGGTGTTGCTGGTCTACACGCGCATGCTCGGCGACTACGGCGAGACCGGCGCCCTCTACCTGCTCAGCATGATGATGGAAGAGGAAGGGCTGTACTTCGCCCAGCGCTACCAGGAAGACCCGGCTACGCCGGCGCCGGACAGCTACTACTTCAAGGGCAGCGTCGGCACCGCGGGGCTGCCGCCGAAACTCAGGGAGATGCTCGACACCCCGCCCTACAAGAGCATCGGCGCCATGCAACTGCTCGGCAACTGGGACGACGATGACGAAGAGGAGGATGACGACGCGCCCAGCGACGATGCCTACGTGGTGGTCCGCCAGCCACTGGCCGACGGCAAGACGCTCTACCTCTACGACAACGACGCCGCCGGCAGCATCGACACGCCGCTGTCCGACGCCATCATCGACGCCCGCGTCAGGCAGACCTGGATCGTCACCCTATCGGTCACCCTGCCTTCGCTGGCCGCCGTCGGCCTGCTGGTCTGGTTCATCGTCGCGCCGTTGCGCAAGCTGACGCGCTGGTCGATGACCCTCGACGACCTCGCCCCGGACAGCCAGCGGCCGCGCTTCAACTACCGCGAACTCAACGTGCTGGCGGATACCCTGTGGAACAGCGTGACCCGGATCAAGGACTTCAGCCAGCGCGAGGAACGCTTCCTGCGCTACGCCAGCCATGAGCTGCGCACCCCGCTGGCGGTGATCGGCATGAACCTGGAGCTGCTCGACCAACCCGGCCGCGCGCCCTCCCCGCATGCCTTGCAACGCATCCGCCGCTCGGCGCTGGGCATGCAGCAGATGACCGAGACCTTGCTCTGGCTCAGCCGCGAGAGCGGCGAACTGCGCGACGACGGACACATCGAGGTCGGCCGCCTGCTGGAGGAACTGCTCGAGGAACAGCAGGCGCTGAGCCAGCGCCGCGGCCTGACCTTCCACCTCGACGTGGAGCCACACAGCCTGCCGCAGACCCGCGCACGGATCATCATCGGCAACCTGCTGCGCAACGCCCTGCAGTACAGCGACGAGGGCGTGGTGGAAATCGTCGTGCGCGACCGCAGCCTGCTGATCAGCAACCCCATCGGCGCGGCCCAGGGCACGGAGGAGTCGATGGCGTTCGGTTATGGCCTGGGCCTCGACCTGGTCCAGCGCCTGTGCCAGAAGAGCGGCTGGCGCCTGCATTACAGCAGCGACGAGCAGCGCTTCCGCTGCGAGCTGCTGTTCCCCGCCACACCGGACTGA
gb|HM560971.1|-|119071-119269|ARO:3004468|CrpP	(3093) 137055+ (3290)	198	100%	100%	98.485%	3	0	100%	0	1.19e-95	GTGTCAAAGAGAGCGACCGATACCGACAAGCTGGACAGACGACACTTCAACGATCCCCACCGGACTGTACGGGCTATTGGTGCTGAGGCCGCGCGGAAAGGGCTACGGGTGTTCGACTGCCCCTACAGTCATCCTGCAATGCGGGCGTCCTGGTTGAAAGGGTTTGCCCAGGAGCAGCAACAGCAGCTCGATTTCTGA
gb|AE004091.2|+|1221690-1222098|ARO:3000149|fosA	(25048) 213706+ (25455)	408	100%	100%	99.02%	4	0	100%	0	0	ATGCTCACCGGTCTCAATCACCTGACCCTGGCGGTCGCCGACCTGCCGGCCAGCATCGCCTTCTACCGCGATCTTCTCGGCTTTCGCCTGGAAGCACGCTGGGACCAGGGCGCCTATCTCGAACTGGGTTCACTGTGGCTGTGCCTGTCCCGGGAGCCGCAGTACGGCGGGCCGGCCGCGGACTACACGCACTATGCCTTCGGCATCGCCGCCGCGGATTTCGCCCGCTTCGCCGCGCAGCTGCGCGCGCATGGCGTGCGCGAATGGAAGCAGAACCGCAGCGAGGGCGATTCGTTCTACTTCCTCGACCCGGACGGCCATCGCCTGGAGGCCCACGTCGGCGACCTGCGCAGCCGGCTCGCGGCGTGCCGGCAAGCGCCCTATGCGGGAATGCGTTTCGCCGACTAG
gb|AY306130|+|0-789|ARO:3001796|OXA-50	(32929) 214033- (33717)	789	100%	100%	99.366%	5	0	100%	0	0	ATGCGCCCCCTCCTCTTCAGTGCCCTTCTCCTGCTTTCCGGGCATACCCAGGCCAGCGAATGGAACGACAGCCAGGCCGTGGACAAGCTATTCGGCGCGGCCGGGGTGAAAGGCACCTTCGTCCTCTACGATGTGCAGCGGCAGTGCTATGTCGGCCATGACCGGGAGCGCGCGGAAACCCGCTTCGTTCCCGCTTCCACCTACAAGGTGGCGAACAGCCTGATCGGCTTATCCACAGGGGCGGTTAGATCCGCCGACGAGGTTCTTCCCTATGGCGGCAAGCCCCAGCGCTTCAAGGCCTGGGAGCACGACATGAGCCTGCGCGAGGCGATCAAGGCATCGAACGTACCGGTCTACCAGGAACTGGCGCGGCGCATCGGCCTGGAGCGGATGCGCGCCAATGTCTCGCGCCTGGGTTACGGCAACGCGGAAATCGGCCAGGTTGTGGATAACTTCTGGTTGGTGGGACCGCTGAAGATCAGCGCGATGGAACAGACCCACTTTCTGCTCCGACTGGCGCAGGGAGAATTGCCATTCCCCGCCCCGGTGCAGTCCACCGTGCGCGCCATGACCCTGCTGGAAAGCGGCCCGGGCTGGGAGCTGCACGGCAAGACCGGCTGGTGCTTCGACTGCACGCCGGAACTCGGCTGGTGGGTGGGCTGGGTGAAGCGCAACGAGCGGCTCTACGGCTTCGCCCTGAACATCGACATGCCCGGCGGCGAGGCCGACATCGGCAAGCGCGTCGAACTGGGCAAGGCCAGTCTCAAGGCTCTCGGGATACTGCCCTGA
gb|FJ666071|+|0-1194|ARO:3002507|PDC-8	(34924) 209758- (36117)	1194	100%	100%	99.581%	5	0	100%	0	0	ATGCGCGATACCAGATTCCCCTGCCTGTGCGGCATCGCCGCTTCCACACTGCTGTTCGCCACCACCCCGGCCATTGCCGGCGAGGCCCCGGCGGATCGCCTGAAGGCACTGGTCGACGCCGCCGTACAACCGGTGATGAAGGCCAATGACATTCCGGGCCTGGCCGTAGCCATCAGCCTGAAAGGAGAACCGCATTACTTCAGCTATGGGCTGGCCTCGAAAGAGGACGGCCGCCGGGTGACGCCGGAGACCCTGTTCGAGATCGGCTCGGTGAGCAAGACCTTCACCGCCACCCTCGCCGGCTATGCCCTGACCCAGGACAAGATGCGCCTCGACGACCGCGCCAGCCAGCACTGGCCGGCACTGCAGGGCAGCCGCTTCGACGGCATCAGCCTGCTCGACCTCGCGACCTATACCGCCGGCGGCTTGCCGCTGCAGTTCCCCGACTCGGTGCAGAAGGACCAGGCACAGATCCGCGACTACTACCGCCAGTGGCAGCCGACCTACGCGCCGGGCAGCCAGCGCCTCTATTCCAACCCGAGCATCGGCCTGTTCGGCTATCTCGCCGCGCGCAGCCTGGGCCAGCCGTTCGAACGGCTCATGGAGCAGCAAGTGTTCCCGGCACTGGGCCTCGAACAGACCCACCTCGACGTGCCCGAGGCGGCGTTGGCGCAGTACGCCCAGGGCTACGGCAAGGACGACCGCCCGCTACGGGTCGGTCCCGGCCCGCTGGATGCCGAAGGCTACGGGGTGAAGACCAGCGCGGCCGACCTGCTGCGCTTCGTCGATGCCAACCTGCATCCGGAGCGCCTGGACAGGCCCTGGGCGCAGGCGCTCGATGCCACCCATCGCGGTTACTACAAGGTCGGCGACATGACCCAGGGCCTGGGCTGGGAAGCCTACGACTGGCCGATCTCCCTGAAGCGCCTGCAGGCCGGCAACTCGACGCCGATGGCGCTGCAACCGCACAGGATCGCCAGGCTGCCCGCGCCACAGGCGCTGGAGGGCCAGCGCCTGCTGAACAAGACCGGTTCCACCAACGGCTTCGGCGCCTACGTGGCGTTCGTCCCGGGCCGCGACCTGGGACTGGTGATCCTGGCCAACCGCAACTATCCCAATGCCGAGCGGGTGAAGATCGCCTACGCCATCCTCAGCGGCCTGGAGCAGCAGGGCAAGGTGCCGCTGAAGCGCTGA
gb|NC_002516.2|-|779462-780101|ARO:3002679|Pseudomonas_aeruginosa_catB7	(5401) 214812- (6039)	639	100%	100%	100%	0	0	100%	0	0	ATGGGCAACTATTTCGAGAGCCCCTTCAGGGGCAAGCTGCTCTCGGAACAGGTCAGCAACCCGAACATACGGGTGGGGCGCTACAGCTACTACTCCGGCTACTATCACGGGCATTCCTTCGACGACTGCGCCCGCTACCTGATGCCGGACCGCGACGACGTGGACAAGCTGGTCATCGGCAGTTTCTGCTCGATCGGCAGTGGCGCCGCCTTCATCATGGCCGGCAACCAGGGACACCGCGCCGAATGGGCGTCGACCTTCCCCTTCCACTTCATGCACGAAGAGCCTGTCTTCGCCGGCGCCGTGAACGGCTATCAGCCAGCCGGCGACACGCTGATCGGCCATGACGTCTGGATCGGTACCGAGGCGATGTTCATGCCCGGCGTACGGGTCGGCCACGGAGCCATCATCGGCAGCCGCGCGCTGGTGACCGGCGATGTCGAGCCCTATGCCATCGTCGGCGGTAACCCGGCCCGGACCATTCGTAAGCGCTTTTCCGATGGCGATATCCAGAACCTGCTGGAAATGGCCTGGTGGGACTGGCCACTGGCCGATATCGAGGCAGCCATGCCACTGCTGTGTACTGGGGATATCCCCGCCTTGTACCGGCACTGGAAACAGCGCCAGGCCACGGCCTGA
gb|AY628199|+|203-1064|ARO:3000988|TEM-126	(284) 538992+ (1144)	861	100%	100%	99.768%	2	0	100%	0	0	ATGAGTATTCAACATTTTCGTGTCGCCCTTATTCCCTTTTTTGCGGCATTTTGCCTTCCTGTTTTTGCTCACCCAGAAACGCTGGTGAAAGTAAAAGATGCTGAAGATCAGTTGGGTGCACGAGTGGGTTACATCGAACTGGATCTCAACAGCGGTAAGATCCTTGAGAGTTTTCGCCCCGAAGAACGTTTTCCAATGATGAGCACTTTTAAAGTTCTGCTATGTGGTGCGGTATTATCCCGTGTTGACGCCGGGCAAGAGCAACTCGGTCGCCGCATACACTATTCTCAGAATGACTTGGTTGAGTACTCACCAGTCACAGAAAAGCATCTTACGGATGGCATGACAGTAAGAGAATTATGCAGTGCTGCCATAACCATGAGTGATAACACTGCTGCCAACTTACTTCTGACAACGATCGGAGGACCGAAGGAGCTAACCGCTTTTTTGCACAACATGGGGGATCATGTAACTCGCCTTGATCGTTGGGAACCGGAGCTGAATGAAGCCATACCAAACGACGAGCGTGACACCACGATGCCTGCAGCAATGGCAACAACGTTGCGCAAACTATTAACTGGCGAACTACTTACTCTAGCTTCCCGGCAACAATTAATAGACTGGATGGAGGCGGATAAAGTTGCAGGACCACTTCTGCGCTCGGCCCTTCCGGCTGGCTGGTTTATTGCTGATAAATCTGGAGCCGGTGAGCGTGGGTCTCGCGGTATCATTGCAGCACTGGGGCCAGATGGTAAGCCCTCCCGTATCGTAGTTATCTACACGACGGGGAGTCAGGCAACTATGGATGAACGAAATAGACAGATCGCTGAGATAGGTGCCTCACTGATTAAGCATTGGTAA
gb|NG_050218.1|+|0-1061|ARO:3001044|TEM-181	(192) 538992+ (1244)	1053	99.246%	99.246%	99.525%	5	0	100%	0	0	TTTGTTTATTTTTCTAAATACATTCAAATATGTATCCGCTCATGAGACAATAACCCTGGTAAATGCTTCAATAATATTGAAAAAGGAAGAGTATGAGTATTCAACATTTTCGTGTCGCCCTTATTCCCTTTTTTGCGGCATTTTGCCTTCCTGTTTTTGCTCACCCAGAAACGCTGGTGAAAGTAAAAGATGCTGAAGATCAGTTGGGTGCACGAGTGGGTTACATCGAACTGGATCTCAACAGCGGTAAGATCCTTGAGAGTTTTCGCCCCGAAGAACGTTTTCCAATGATGAGCACTTTTAAAGTTCTGCTATGTGGTGCGGTATTATCCCGTGTTGACGCCGGGCAAGAGCAACTCGGTCGCCGCATACACTATTCTCAGAATGACTTGGTTGAGTACTCACCAGTCACAGAAAAGCATCTTACGGATGGCATGACAGTAAGAGAATTATGCAGTGCTGCCATAACCATGAGTGATAACACTGCTGCCAACTTACTTCTGACAACGATCGGAGGACCGAAGGAGCTAACCGCTTTTTTGCACAACATGGGGGATCATGTAACTCGCCTTGATCGTTGGGAACCGGAGCTGAATGAAGCCATACCAAACGACGAGCGTGACACCACGATGCCTGCAGCAATGGCAACAACGTTGCGCAAACTATTAACTGGCGAACTACTTACTCTAGCTTCCCGGCAACAATTAATAGACTGGATGGAGGCGGATAAAGTTGCAGGACCACTTCTGCGCTCGGCCCTTCCGGCTGGCTGGTTTATTGCTGATAAATCTGGAGCCGGTGAGCGTGGGTCTCGCGGTATCATTGCAGCACTGGGGCCAGATGGTAAGCCCTCCCGTATCGTAGTTATCTACACGACGGGGAGTCAGGCAACTATGGATGAACGAAATAGACAGATCGCTGAGATAGGTGCCTCACTGATTAAGCATTGGTAACTGTCAGACCAAGTTTACTCATATATACTTTAGATTGATTTAAAACTTCATTTTTAATTTAAAAGGATCTAGGTGAAGATCCTTTTTGATAATCTCATGA
gb|M18896.2|+|206-2126|ARO:3000190|tetO	(1467) 52595- (3386)	1920	100%	100%	99.792%	4	0	100%	0	0	ATGAAAATAATTAACTTAGGCATTCTGGCTCACGTTGACGCAGGAAAGACAACATTAACGGAAAGTTTATTGTATACCAGTGGTGCAATTGCAGAACTAGGGAGCGTAGATGAAGGCACAACAAGGACAGATACAATGAATTTGGAGCGTCAAAGGGGAATCACTATCCAGACAGCAGTGACATCTTTTCAGTGGGAGGATGTAAAAGTCAACATTATAGATACGCCAGGCCATATGGATTTTTTGGCGGAAGTATACCGTTCTTTATCCGTATTAGACGGAGCAGTATTATTAGTTTCTGCAAAGGATGGCATACAGGCACAGACCCGTATACTGTTTCATGCACTACAGATAATGAAGATTCCGACAATTTTTTTCATCAATAAAATTGACCAAGAGGGGATTGATTTGCCAATGGTATATCGGGAAATGAAAGCAAAGCTTTCTTCGGAAATTATAGTGAAGCAAAAGGTTGGGCAGCATCCCCATATAAATGTAACGGACAATGACGATATGGAACAGTGGGATGCGGTAATTATGGGAAACGATGAACTATTAGAGAAATATATGTCAGGGAAACCGTTTAAAATGTCAGAACTGGAACAGGAAGAAAACAGGAGATTCCAAAACGGAACGTTATTTCCCGTTTATCACGGAAGCGCTAAAAACAATCTGGGGATTCGGCAGCTTATAGAAGTAATTGCCAGTAAATTTTATTCATCAACGCCTGAAGGTCAATCTGAACTATGCGGGCAGGTTTTTAAGATTGAATATTCAGAGAAAAGGCGGCGTTTTGTTTATGTGCGTATATATAGCGGAACATTGCATTTGAGGGATGTTATTAGAATATCTGAAAAAGAGAAAATAAAAATCACAGAGATGTGTGTTCCGACAAACGGTGAATTATATTCATCCGATACAGCCTGCTCTGGTGATATTGTAATTTTACCAAATGATGTTTTGCAGCTAAACAGTATTTTGGGGAACGAAATACTGTTGCCGCAGAGAAAATTTATTGAAAATCCTCTCCCTATGCTCCAAACAACGATTGCAGTAAAGAAATCTGAACAGCGGGAAATATTGCTTGGGGCACTTACAGAAATTTCAGATGGCGACCCTCTTTTAAAATATTATGTGGATACTACAACGCATGAGATTATACTTTCTTTTTTGGGGAATGTGCAGATGGAAGTCATTTGTGCCATCCTTGAGGAAAAATATCATGTGGAGGCAGAAATAAAAGAGCCTACTGTTATATATATGGAAAGACCGCTTAGAAAAGCAGAATATACCATCCACATAGAAGTCCCGCCAAATCCTTTCTGGGCTTCTGTCGGGTTGTCCATAGAGCCGCTCCCTATTGGAAGCGGAGTGCAGTATGAAAGCAGAGTTTCACTTGGATATTTAAATCAATCGTTCCAAAATGCGGTTATGGAGGGGGTTCTTTATGGCTGCGAGCAGGGGCTGTATGGATGGAAAGTGACAGACTGTAAAATCTGTTTTGAATATGGATTGTATTATAGTCCTGTAAGTACCCCCGCAGACTTTCGGCTGCTTTCCCCTATCGTATTGGAGCAGGCTTTAAAAAAAGCAGGGACAGAACTATTAGAGCCATATCTCCACTTTGAAATTTATGCACCGCAGGAATATCTCTCACGGGCGTATCATGATGCTCCAAGGTATTGTGCAGATATTGTAAGTACTCAGATAAAGAATGACGAGGTCATTCTGAAAGGAGAAATCCCTGCTAGATGTATTCAAGAATACAGGAACGATTTAACTTATTTCACAAATGGGCAGGGAGTCTGCTTGACAGAGTTAAAAGGATACCAGCCAGCTATTGGTAAATTTATTTGCCAACCCCGCCGCCCGAATAGCCGTATAGATAAGGTTCGGCATATGTTCCACAAGTTAGCTTAA
gb|Z21523|+|0-1974|ARO:3000191|tetQ	(1003) 3757- (2976)	1974	100%	100%	97.366%	52	0	100%	0	0	GTGCGTTTCGACAATGCATCTACTGTAGTATATTATTGCTTAATCCAAATGAATATTATAAATTTAGGAATTCTTGCTCACATTGATGCAGGAAAAACTTCCGTAACCGAGAATCTGCTGTTTGCCAGTGGAGCAACGGAAAAGTGCGGCCGTGTGGATAATGGTGACACCATAACGGACTCTATGGATATAGAGAAACGTAGAGGAATTACTGTCCGGGCTTCTACGACATCTATTATCTGGAATGGAGTGAAATGCAATATCATTGACACTCCGGGACACATGGATTTTATTGCGGAAGTGGAGCGGACATTCAAAATGCTTGATGGAGCAGTCCTCATCTTATCCGCAAAGGAAGGCATACAAGCGCAGACAAAGTTGCTGTTCAATACTTTACAGAAGCTGCAAATCCCGACAATTATATTTATCAATAAGATTGACCGTGCCGGTGTGAATTTGGAGCGTTTGTATATGGATATAAAAACAAATCTGTCGCAAGATGTCCTGTTTATGCAAACTGTTGTCGATGGATCGGTTTATCCGGTTTGCTCCCAAACATATATAAAGGAAGAATACAAAGAATTTGTATGCAACCATGACGACGATATATTAGAACGATATTTGGCGGATAGCGAAATTTCACCGGCTGATTATTGGAATACGATAATCGCTCTTGTGGCAAAAGCCAAAGTCTATCCGGTGCTACATGGATCAGCAATGTTCAATATCGGTATCAATGAGTTGTTGGACGCCATTTCTTCTTTTATACTTCCTCCGGCATCAGTCTCAAACAGACTTTCAGCTTATCTCTATAAGATAGAGCATGACCCCAAAGGGCATAAAAGAAGTTTTCTTAAAATAATTGACGGAAGTCTGAGACTTCGAGACGTTGTAAGAATCAACGATTCGGAAAAATTCATCAAGATTAAAAATCTAAAGACTATTTATCAGGGCAGAGAGATAAATGTTGATGAAGTGGGTGCCAATGATATCGCGATTGTAGAAGATATAGAAGATTTTCGAATCGGAGATTATTTAGGTGCTAAACCTTGTTTGATTCAAGGATTATCTCATCAGCATCCCGCTCTCAAATCCTCCGTCCGGCCAAATAAGCCCGAAGAGAGAAGCAAGGTGATATCCGCTCTGAATACATTGTGGATTGAAGACCCGTCTTTGTCCTTTTCCATAAACTCATATAGTGATGAATTGGAAATCTCGTTATATGGTTTGACCCAAAAGGAAATCATACAGACATTGCTGGAAGAACGATTTTCCGTAAAGGTCCATTTTGATGAGATCAAGACTATCTACAAAGAACGACCTATAAAAAAGGTCAATAAGATTATTCAGATCGAAGTACCACCCAACCCTTACTGGGCCACAATAGGGCTGACTCTTGAACCCTTACCGTTAGGGGCAGGGTTGCAAATCGAAAGTGACATCTCCTATGGTTATCTGAACCATTCTTTTCAAAATGCCGTTTTTGAAGGGATTCGTATGTCTTGCCAATCTGGTTTACATGGATGGGAAGTGACAGATCTGAAAGTAACTTTTACTCAAGCCGAGTATTATAGCCCGGTAAGTACACCTGCTGATTTCAGACAGCTGACCCCTTATGTCTTCAGGCTGGCTTTGCAACAGTCAGGTGTGGACATTCTCGAACCGATGCTCTGTTTTGAGTTGCAGATACCCCAAGTAGCGAGTTCCAAAGCTATTACAGATTTGCAAAAACTGATGTCTGAGATTGAAGACATCAGTTGTAATAATGAGTGGTGTCATATTAAAGGGAAAGTTCCATTAAATACAAGTAAAGACTATGCCTCAGAAGTAAGTTCGTACACTAAGGGCTTAGGCATTTTTATGGTTAAGCCATGTGGGTATCAAATAACAAAAGACGGTTATTCTGATAATATCCGCATGAACGAAAAAGATAAACTTTTATTCATGTTCCAAAAATCAATGTCATTAAAATAA
gb|AJ222769.3|+|3686-5606|ARO:3000194|tetW	(172) 2957- (2091)	1920	100%	100%	99.688%	6	0	100%	0	0	ATGAAAATAATCAATATTGGAATTCTTGCCCATGTAGACGCTGGAAAGACGACCTTGACGGAGAGCCTGCTATATGCCAGCGGAGCCATTTCAGAACCGGGGAGCGTCGAAAAAGGGACAACGAGGACGGACACCATGTTTTTGGAGCGGCAGCGTGGGATTACCATTCAAGCGGCAGTCACTTCCTTCCAGTGGCACAGATGTAAAGTTAACATTGTGGATACGCCCGGCCACATGGATTTTTTGGCGGAGGTGTACCGCTCTTTGGCTGTTTTAGATGGGGCCATCTTGGTGATCTCCGCTAAAGATGGCGTGCAGGCCCAGACCCGTATTCTGTTCCATGCCCTGCGGAAAATGAACATTCCCACCGTTATCTTTATCAACAAGATCGACCAGGCTGGCGTTGATTTGCAGAGCGTGGTTCAGTCTGTTCGGGATAAGCTCTCCGCCGATATTATCATCAAGCAGACGGTGTCGCTGTCCCCGGAAATAGTCCTGGAGGAAAATACCGACATAGAAGCATGGGATGCGGTCATCGAAAATAACGATGAATTATTGGAAAAGTATATCGCAGGAGAACCAATCAGCCGGGAAAAACTTGCGCGGGAGGAACAGCAGCGGGTTCAAGACGCCTCCCTGTTCCCAGTCTATCATGGCAGCGCCAAAAATGGCCTTGGCATTCAACCGTTGATGGATGCGGTGACAGGGCTGTTCCAACCGATTGGGGAACAGGGGGGCGCCGCCCTATGCGGCAGCGTTTTCAAGGTTGAGTACACCGATTGCGGCCAGCGGCGTGTCTATCTACGGTTATACAGCGGAACGCTGCGCCTGCGGGATACGGTGGCCCTGGCCGGGAGAGAAAAGCTGAAAATCACAGAGATGCGTATTCCATCCAAAGGGGAAATTGTTCGGACAGACACCGCTTATCAGGGTGAAATTGTTATCCTTCCCAGCGACAGCGTGAGGTTAAACGATGTATTAGGGGACCAAACCCGGCTCCCTCGTAAAAGGTGGCGCGAGGACCCCCTCCCCATGCTGCGGACGACGATTGCGCCGAAAACGGCAGCGCAAAGAGAACGGCTGCTGGACGCTCTTACGCAACTTGCGGATACTGACCCGCTTTTGCGCTGCGAGGTGGATTCCATCACCCATGAGATCATTCTTTCTTTTTTGGGCCGGGTGCAGTTGGAGGTTGTTTCCGCTTTGCTGTCGGAAAAATACAAGCTTGAAACAGTGGTAAAGGAACCCACCGTCATTTATATGGAGCGGCCGCTCAAAGCAGCCAGCCACACCATCCATATCGAGGTGCCGCCCAACCCGTTTTGGGCATCCATCGGACTGTCTGTTACACCACTCCCGCTTGGCTCCGGTGTACAATACGAGAGCCGGGTTTCGCTGGGATACTTGAACCAGAGTTTTCAAAACGCTGTCAGGGATGGTATCCGTTACGGGCTGGAGCAGGGCTTGTTCGGCTGGAACGTAACGGACTGTAAGATTTGCTTTGAATACGGGCTTTATTACAGTCCGGTCAGCACGCCGGCGGACTTCCGCTCATTGGCCCCGATTGTATTGGAACAGGCATTGAAGGAATCGGGGACGCAGCTGCTGGAACCTTATCTCTCCTTCACCCTCTATGCGCCCCAGGAATACCTTTCCAGGGCTTATCATGATGCACCGAAATACTGTGCCACCATCGAAACGGCCCAGGTAAAAAAGGATGAAGTTGTCTTTACTGGCGAGATTCCCGCCCGCTGTATACAGGCATACCGTACTGATCTGGCCTTTTACACCAACGGGCGGAGCGTATGCCTTACAGAGCTGAAAGGATATCAGGCCGCTGTCGGTCAGCCGGTCATCCAGCCCCGCCGTCCAAACAGCCGCCTGGACAAGGTGCGCCATATGTTTCAGAAGGTAATGTAA
