	Unnamed: 0	Query	Start_GraphAligner_x	End_GraphAligner_x	Path_GraphAligner_x	FinalResultBandageVSGraphAligner	Path1	Path2	Path3	Path4	Path5	Path6	Path7	Path8	Path9	Path10	Name	Sequence	Result_node1
0	0	gb|AB113580|+|1329-2193|ARO:3002332|GES-3	93	93	32422725	Different	32422725										32422725	ACGAATTGTTAGACGGGCGTCAACTATTTGTCCGTGCTCAGGATGAGTTGTGTAATAACTTGACCGACAGAGGCAACTAATTCGTCACGTTCTACGGCCGATAGTTTCGGGGCCGTTGTATACACCGCTACAGCGTAATCTCTCTCCTGGGCTTTAAAAAAACCAATGTCGTTCCGGCCCCCGTTGGCGCAGGTACCAGTTTTCTCTCCAACAACCCAATCTTTAGGAAAACCCGCTCGTAGTGTCGCGTCTCCCGTTTGGTTTCCGATCAGCCACCTCTCAATGGTGTGGGTCGAGGTGGACGTCAGTGCGCCGCCATAGAGGACTTTAGCCACAGTACGTGCCATAGCAATAGGCGTAGTTGTATCTCTGAGGTCGCCAGGTGTGTTGTCGCTCATCTCCGGCTCTTTCCGGTCTAGCCGACTCACAGAGTCGCCAATTTTACGAAAATACTGCGTCATTGCAGCAGGTCCGCCAATTTCTCTCAGTAAGAGGTTAGTAGCCCCATTGTCGCTAAGCTGCACCGCAGCTTGCGCTGCCTCGAGAACCGTCATGTGTCCCGATGCTAGAAACCGCTCCGTGGCAGGAGACCATTCGACGATCATGTCCGGCCCATATGAAAGTTTTCGATCCCCCCGCTCGGTGCCTGAGTCAATTCTTTCAAAGACCAGCGCGGCTAGCGGAAACTTGAACGTTGAGCACATTGCAAAACGCTGCGCCATTCGGTGGCCCGCGACGATCTCTCCTTGGGGATCGACGATCGCAACACCGATCTGAGCTGCTTTTTCGCGCTCTAGCTTCTCAAGATCGGTCTTGAAGGTTAATTTTTCCGACGCATATGCAGAGTGAGCGATCCCTGCCAGTAATAGTGCGTGAATGAAGCGCATGGTGATCCCTTGAGATGGAAATTATCTTTGTACGCCCGTCTAACGAACGAAAGTAAGCCGCCCGCCGAAGGCGGGTCGGCTTGACTGCACAG	T
1	2	gb|AB116260|+|1329-2193|ARO:3002333|GES-4	93	93	32422725	Different	32422725										32422725	ACGAATTGTTAGACGGGCGTCAACTATTTGTCCGTGCTCAGGATGAGTTGTGTAATAACTTGACCGACAGAGGCAACTAATTCGTCACGTTCTACGGCCGATAGTTTCGGGGCCGTTGTATACACCGCTACAGCGTAATCTCTCTCCTGGGCTTTAAAAAAACCAATGTCGTTCCGGCCCCCGTTGGCGCAGGTACCAGTTTTCTCTCCAACAACCCAATCTTTAGGAAAACCCGCTCGTAGTGTCGCGTCTCCCGTTTGGTTTCCGATCAGCCACCTCTCAATGGTGTGGGTCGAGGTGGACGTCAGTGCGCCGCCATAGAGGACTTTAGCCACAGTACGTGCCATAGCAATAGGCGTAGTTGTATCTCTGAGGTCGCCAGGTGTGTTGTCGCTCATCTCCGGCTCTTTCCGGTCTAGCCGACTCACAGAGTCGCCAATTTTACGAAAATACTGCGTCATTGCAGCAGGTCCGCCAATTTCTCTCAGTAAGAGGTTAGTAGCCCCATTGTCGCTAAGCTGCACCGCAGCTTGCGCTGCCTCGAGAACCGTCATGTGTCCCGATGCTAGAAACCGCTCCGTGGCAGGAGACCATTCGACGATCATGTCCGGCCCATATGAAAGTTTTCGATCCCCCCGCTCGGTGCCTGAGTCAATTCTTTCAAAGACCAGCGCGGCTAGCGGAAACTTGAACGTTGAGCACATTGCAAAACGCTGCGCCATTCGGTGGCCCGCGACGATCTCTCCTTGGGGATCGACGATCGCAACACCGATCTGAGCTGCTTTTTCGCGCTCTAGCTTCTCAAGATCGGTCTTGAAGGTTAATTTTTCCGACGCATATGCAGAGTGAGCGATCCCTGCCAGTAATAGTGCGTGAATGAAGCGCATGGTGATCCCTTGAGATGGAAATTATCTTTGTACGCCCGTCTAACGAACGAAAGTAAGCCGCCCGCCGAAGGCGGGTCGGCTTGACTGCACAG	T
2	5	gb|AB901141|+|0-864|ARO:3002353|GES-24	93	93	32422725	Different	32422725										32422725	ACGAATTGTTAGACGGGCGTCAACTATTTGTCCGTGCTCAGGATGAGTTGTGTAATAACTTGACCGACAGAGGCAACTAATTCGTCACGTTCTACGGCCGATAGTTTCGGGGCCGTTGTATACACCGCTACAGCGTAATCTCTCTCCTGGGCTTTAAAAAAACCAATGTCGTTCCGGCCCCCGTTGGCGCAGGTACCAGTTTTCTCTCCAACAACCCAATCTTTAGGAAAACCCGCTCGTAGTGTCGCGTCTCCCGTTTGGTTTCCGATCAGCCACCTCTCAATGGTGTGGGTCGAGGTGGACGTCAGTGCGCCGCCATAGAGGACTTTAGCCACAGTACGTGCCATAGCAATAGGCGTAGTTGTATCTCTGAGGTCGCCAGGTGTGTTGTCGCTCATCTCCGGCTCTTTCCGGTCTAGCCGACTCACAGAGTCGCCAATTTTACGAAAATACTGCGTCATTGCAGCAGGTCCGCCAATTTCTCTCAGTAAGAGGTTAGTAGCCCCATTGTCGCTAAGCTGCACCGCAGCTTGCGCTGCCTCGAGAACCGTCATGTGTCCCGATGCTAGAAACCGCTCCGTGGCAGGAGACCATTCGACGATCATGTCCGGCCCATATGAAAGTTTTCGATCCCCCCGCTCGGTGCCTGAGTCAATTCTTTCAAAGACCAGCGCGGCTAGCGGAAACTTGAACGTTGAGCACATTGCAAAACGCTGCGCCATTCGGTGGCCCGCGACGATCTCTCCTTGGGGATCGACGATCGCAACACCGATCTGAGCTGCTTTTTCGCGCTCTAGCTTCTCAAGATCGGTCTTGAAGGTTAATTTTTCCGACGCATATGCAGAGTGAGCGATCCCTGCCAGTAATAGTGCGTGAATGAAGCGCATGGTGATCCCTTGAGATGGAAATTATCTTTGTACGCCCGTCTAACGAACGAAAGTAAGCCGCCCGCCGAAGGCGGGTCGGCTTGACTGCACAG	T
3	16	gb|AF156486|+|1331-2195|ARO:3002330|GES-1	93	93	32422725	Different	32422725										32422725	ACGAATTGTTAGACGGGCGTCAACTATTTGTCCGTGCTCAGGATGAGTTGTGTAATAACTTGACCGACAGAGGCAACTAATTCGTCACGTTCTACGGCCGATAGTTTCGGGGCCGTTGTATACACCGCTACAGCGTAATCTCTCTCCTGGGCTTTAAAAAAACCAATGTCGTTCCGGCCCCCGTTGGCGCAGGTACCAGTTTTCTCTCCAACAACCCAATCTTTAGGAAAACCCGCTCGTAGTGTCGCGTCTCCCGTTTGGTTTCCGATCAGCCACCTCTCAATGGTGTGGGTCGAGGTGGACGTCAGTGCGCCGCCATAGAGGACTTTAGCCACAGTACGTGCCATAGCAATAGGCGTAGTTGTATCTCTGAGGTCGCCAGGTGTGTTGTCGCTCATCTCCGGCTCTTTCCGGTCTAGCCGACTCACAGAGTCGCCAATTTTACGAAAATACTGCGTCATTGCAGCAGGTCCGCCAATTTCTCTCAGTAAGAGGTTAGTAGCCCCATTGTCGCTAAGCTGCACCGCAGCTTGCGCTGCCTCGAGAACCGTCATGTGTCCCGATGCTAGAAACCGCTCCGTGGCAGGAGACCATTCGACGATCATGTCCGGCCCATATGAAAGTTTTCGATCCCCCCGCTCGGTGCCTGAGTCAATTCTTTCAAAGACCAGCGCGGCTAGCGGAAACTTGAACGTTGAGCACATTGCAAAACGCTGCGCCATTCGGTGGCCCGCGACGATCTCTCCTTGGGGATCGACGATCGCAACACCGATCTGAGCTGCTTTTTCGCGCTCTAGCTTCTCAAGATCGGTCTTGAAGGTTAATTTTTCCGACGCATATGCAGAGTGAGCGATCCCTGCCAGTAATAGTGCGTGAATGAAGCGCATGGTGATCCCTTGAGATGGAAATTATCTTTGTACGCCCGTCTAACGAACGAAAGTAAGCCGCCCGCCGAAGGCGGGTCGGCTTGACTGCACAG	T
4	26	gb|AF326355|+|0-864|ARO:3002331|GES-2	93	93	32422725	Different	32422725										32422725	ACGAATTGTTAGACGGGCGTCAACTATTTGTCCGTGCTCAGGATGAGTTGTGTAATAACTTGACCGACAGAGGCAACTAATTCGTCACGTTCTACGGCCGATAGTTTCGGGGCCGTTGTATACACCGCTACAGCGTAATCTCTCTCCTGGGCTTTAAAAAAACCAATGTCGTTCCGGCCCCCGTTGGCGCAGGTACCAGTTTTCTCTCCAACAACCCAATCTTTAGGAAAACCCGCTCGTAGTGTCGCGTCTCCCGTTTGGTTTCCGATCAGCCACCTCTCAATGGTGTGGGTCGAGGTGGACGTCAGTGCGCCGCCATAGAGGACTTTAGCCACAGTACGTGCCATAGCAATAGGCGTAGTTGTATCTCTGAGGTCGCCAGGTGTGTTGTCGCTCATCTCCGGCTCTTTCCGGTCTAGCCGACTCACAGAGTCGCCAATTTTACGAAAATACTGCGTCATTGCAGCAGGTCCGCCAATTTCTCTCAGTAAGAGGTTAGTAGCCCCATTGTCGCTAAGCTGCACCGCAGCTTGCGCTGCCTCGAGAACCGTCATGTGTCCCGATGCTAGAAACCGCTCCGTGGCAGGAGACCATTCGACGATCATGTCCGGCCCATATGAAAGTTTTCGATCCCCCCGCTCGGTGCCTGAGTCAATTCTTTCAAAGACCAGCGCGGCTAGCGGAAACTTGAACGTTGAGCACATTGCAAAACGCTGCGCCATTCGGTGGCCCGCGACGATCTCTCCTTGGGGATCGACGATCGCAACACCGATCTGAGCTGCTTTTTCGCGCTCTAGCTTCTCAAGATCGGTCTTGAAGGTTAATTTTTCCGACGCATATGCAGAGTGAGCGATCCCTGCCAGTAATAGTGCGTGAATGAAGCGCATGGTGATCCCTTGAGATGGAAATTATCTTTGTACGCCCGTCTAACGAACGAAAGTAAGCCGCCCGCCGAAGGCGGGTCGGCTTGACTGCACAG	T
5	27	gb|AF329699|+|372-1236|ARO:3002337|GES-8	93	93	32422725	Different	32422725										32422725	ACGAATTGTTAGACGGGCGTCAACTATTTGTCCGTGCTCAGGATGAGTTGTGTAATAACTTGACCGACAGAGGCAACTAATTCGTCACGTTCTACGGCCGATAGTTTCGGGGCCGTTGTATACACCGCTACAGCGTAATCTCTCTCCTGGGCTTTAAAAAAACCAATGTCGTTCCGGCCCCCGTTGGCGCAGGTACCAGTTTTCTCTCCAACAACCCAATCTTTAGGAAAACCCGCTCGTAGTGTCGCGTCTCCCGTTTGGTTTCCGATCAGCCACCTCTCAATGGTGTGGGTCGAGGTGGACGTCAGTGCGCCGCCATAGAGGACTTTAGCCACAGTACGTGCCATAGCAATAGGCGTAGTTGTATCTCTGAGGTCGCCAGGTGTGTTGTCGCTCATCTCCGGCTCTTTCCGGTCTAGCCGACTCACAGAGTCGCCAATTTTACGAAAATACTGCGTCATTGCAGCAGGTCCGCCAATTTCTCTCAGTAAGAGGTTAGTAGCCCCATTGTCGCTAAGCTGCACCGCAGCTTGCGCTGCCTCGAGAACCGTCATGTGTCCCGATGCTAGAAACCGCTCCGTGGCAGGAGACCATTCGACGATCATGTCCGGCCCATATGAAAGTTTTCGATCCCCCCGCTCGGTGCCTGAGTCAATTCTTTCAAAGACCAGCGCGGCTAGCGGAAACTTGAACGTTGAGCACATTGCAAAACGCTGCGCCATTCGGTGGCCCGCGACGATCTCTCCTTGGGGATCGACGATCGCAACACCGATCTGAGCTGCTTTTTCGCGCTCTAGCTTCTCAAGATCGGTCTTGAAGGTTAATTTTTCCGACGCATATGCAGAGTGAGCGATCCCTGCCAGTAATAGTGCGTGAATGAAGCGCATGGTGATCCCTTGAGATGGAAATTATCTTTGTACGCCCGTCTAACGAACGAAAGTAAGCCGCCCGCCGAAGGCGGGTCGGCTTGACTGCACAG	T
6	51	gb|AY260546|+|4477-5341|ARO:3002336|GES-7	93	93	32422725	Different	32422725										32422725	ACGAATTGTTAGACGGGCGTCAACTATTTGTCCGTGCTCAGGATGAGTTGTGTAATAACTTGACCGACAGAGGCAACTAATTCGTCACGTTCTACGGCCGATAGTTTCGGGGCCGTTGTATACACCGCTACAGCGTAATCTCTCTCCTGGGCTTTAAAAAAACCAATGTCGTTCCGGCCCCCGTTGGCGCAGGTACCAGTTTTCTCTCCAACAACCCAATCTTTAGGAAAACCCGCTCGTAGTGTCGCGTCTCCCGTTTGGTTTCCGATCAGCCACCTCTCAATGGTGTGGGTCGAGGTGGACGTCAGTGCGCCGCCATAGAGGACTTTAGCCACAGTACGTGCCATAGCAATAGGCGTAGTTGTATCTCTGAGGTCGCCAGGTGTGTTGTCGCTCATCTCCGGCTCTTTCCGGTCTAGCCGACTCACAGAGTCGCCAATTTTACGAAAATACTGCGTCATTGCAGCAGGTCCGCCAATTTCTCTCAGTAAGAGGTTAGTAGCCCCATTGTCGCTAAGCTGCACCGCAGCTTGCGCTGCCTCGAGAACCGTCATGTGTCCCGATGCTAGAAACCGCTCCGTGGCAGGAGACCATTCGACGATCATGTCCGGCCCATATGAAAGTTTTCGATCCCCCCGCTCGGTGCCTGAGTCAATTCTTTCAAAGACCAGCGCGGCTAGCGGAAACTTGAACGTTGAGCACATTGCAAAACGCTGCGCCATTCGGTGGCCCGCGACGATCTCTCCTTGGGGATCGACGATCGCAACACCGATCTGAGCTGCTTTTTCGCGCTCTAGCTTCTCAAGATCGGTCTTGAAGGTTAATTTTTCCGACGCATATGCAGAGTGAGCGATCCCTGCCAGTAATAGTGCGTGAATGAAGCGCATGGTGATCCCTTGAGATGGAAATTATCTTTGTACGCCCGTCTAACGAACGAAAGTAAGCCGCCCGCCGAAGGCGGGTCGGCTTGACTGCACAG	T
7	53	gb|AY494717|+|0-864|ARO:3002334|GES-5	93	93	32422725	Different	32422725										32422725	ACGAATTGTTAGACGGGCGTCAACTATTTGTCCGTGCTCAGGATGAGTTGTGTAATAACTTGACCGACAGAGGCAACTAATTCGTCACGTTCTACGGCCGATAGTTTCGGGGCCGTTGTATACACCGCTACAGCGTAATCTCTCTCCTGGGCTTTAAAAAAACCAATGTCGTTCCGGCCCCCGTTGGCGCAGGTACCAGTTTTCTCTCCAACAACCCAATCTTTAGGAAAACCCGCTCGTAGTGTCGCGTCTCCCGTTTGGTTTCCGATCAGCCACCTCTCAATGGTGTGGGTCGAGGTGGACGTCAGTGCGCCGCCATAGAGGACTTTAGCCACAGTACGTGCCATAGCAATAGGCGTAGTTGTATCTCTGAGGTCGCCAGGTGTGTTGTCGCTCATCTCCGGCTCTTTCCGGTCTAGCCGACTCACAGAGTCGCCAATTTTACGAAAATACTGCGTCATTGCAGCAGGTCCGCCAATTTCTCTCAGTAAGAGGTTAGTAGCCCCATTGTCGCTAAGCTGCACCGCAGCTTGCGCTGCCTCGAGAACCGTCATGTGTCCCGATGCTAGAAACCGCTCCGTGGCAGGAGACCATTCGACGATCATGTCCGGCCCATATGAAAGTTTTCGATCCCCCCGCTCGGTGCCTGAGTCAATTCTTTCAAAGACCAGCGCGGCTAGCGGAAACTTGAACGTTGAGCACATTGCAAAACGCTGCGCCATTCGGTGGCCCGCGACGATCTCTCCTTGGGGATCGACGATCGCAACACCGATCTGAGCTGCTTTTTCGCGCTCTAGCTTCTCAAGATCGGTCTTGAAGGTTAATTTTTCCGACGCATATGCAGAGTGAGCGATCCCTGCCAGTAATAGTGCGTGAATGAAGCGCATGGTGATCCCTTGAGATGGAAATTATCTTTGTACGCCCGTCTAACGAACGAAAGTAAGCCGCCCGCCGAAGGCGGGTCGGCTTGACTGCACAG	T
8	54	gb|AY494718|+|0-864|ARO:3002335|GES-6	93	93	32422725	Different	32422725										32422725	ACGAATTGTTAGACGGGCGTCAACTATTTGTCCGTGCTCAGGATGAGTTGTGTAATAACTTGACCGACAGAGGCAACTAATTCGTCACGTTCTACGGCCGATAGTTTCGGGGCCGTTGTATACACCGCTACAGCGTAATCTCTCTCCTGGGCTTTAAAAAAACCAATGTCGTTCCGGCCCCCGTTGGCGCAGGTACCAGTTTTCTCTCCAACAACCCAATCTTTAGGAAAACCCGCTCGTAGTGTCGCGTCTCCCGTTTGGTTTCCGATCAGCCACCTCTCAATGGTGTGGGTCGAGGTGGACGTCAGTGCGCCGCCATAGAGGACTTTAGCCACAGTACGTGCCATAGCAATAGGCGTAGTTGTATCTCTGAGGTCGCCAGGTGTGTTGTCGCTCATCTCCGGCTCTTTCCGGTCTAGCCGACTCACAGAGTCGCCAATTTTACGAAAATACTGCGTCATTGCAGCAGGTCCGCCAATTTCTCTCAGTAAGAGGTTAGTAGCCCCATTGTCGCTAAGCTGCACCGCAGCTTGCGCTGCCTCGAGAACCGTCATGTGTCCCGATGCTAGAAACCGCTCCGTGGCAGGAGACCATTCGACGATCATGTCCGGCCCATATGAAAGTTTTCGATCCCCCCGCTCGGTGCCTGAGTCAATTCTTTCAAAGACCAGCGCGGCTAGCGGAAACTTGAACGTTGAGCACATTGCAAAACGCTGCGCCATTCGGTGGCCCGCGACGATCTCTCCTTGGGGATCGACGATCGCAACACCGATCTGAGCTGCTTTTTCGCGCTCTAGCTTCTCAAGATCGGTCTTGAAGGTTAATTTTTCCGACGCATATGCAGAGTGAGCGATCCCTGCCAGTAATAGTGCGTGAATGAAGCGCATGGTGATCCCTTGAGATGGAAATTATCTTTGTACGCCCGTCTAACGAACGAAAGTAAGCCGCCCGCCGAAGGCGGGTCGGCTTGACTGCACAG	T
9	58	gb|AY920928|+|2689-3553|ARO:3002338|GES-9	93	93	32422725	Different	32422725										32422725	ACGAATTGTTAGACGGGCGTCAACTATTTGTCCGTGCTCAGGATGAGTTGTGTAATAACTTGACCGACAGAGGCAACTAATTCGTCACGTTCTACGGCCGATAGTTTCGGGGCCGTTGTATACACCGCTACAGCGTAATCTCTCTCCTGGGCTTTAAAAAAACCAATGTCGTTCCGGCCCCCGTTGGCGCAGGTACCAGTTTTCTCTCCAACAACCCAATCTTTAGGAAAACCCGCTCGTAGTGTCGCGTCTCCCGTTTGGTTTCCGATCAGCCACCTCTCAATGGTGTGGGTCGAGGTGGACGTCAGTGCGCCGCCATAGAGGACTTTAGCCACAGTACGTGCCATAGCAATAGGCGTAGTTGTATCTCTGAGGTCGCCAGGTGTGTTGTCGCTCATCTCCGGCTCTTTCCGGTCTAGCCGACTCACAGAGTCGCCAATTTTACGAAAATACTGCGTCATTGCAGCAGGTCCGCCAATTTCTCTCAGTAAGAGGTTAGTAGCCCCATTGTCGCTAAGCTGCACCGCAGCTTGCGCTGCCTCGAGAACCGTCATGTGTCCCGATGCTAGAAACCGCTCCGTGGCAGGAGACCATTCGACGATCATGTCCGGCCCATATGAAAGTTTTCGATCCCCCCGCTCGGTGCCTGAGTCAATTCTTTCAAAGACCAGCGCGGCTAGCGGAAACTTGAACGTTGAGCACATTGCAAAACGCTGCGCCATTCGGTGGCCCGCGACGATCTCTCCTTGGGGATCGACGATCGCAACACCGATCTGAGCTGCTTTTTCGCGCTCTAGCTTCTCAAGATCGGTCTTGAAGGTTAATTTTTCCGACGCATATGCAGAGTGAGCGATCCCTGCCAGTAATAGTGCGTGAATGAAGCGCATGGTGATCCCTTGAGATGGAAATTATCTTTGTACGCCCGTCTAACGAACGAAAGTAAGCCGCCCGCCGAAGGCGGGTCGGCTTGACTGCACAG	T
10	76	gb|FJ820124|+|1123-1987|ARO:3002339|GES-10	93	93	32422725	Different	32422725										32422725	ACGAATTGTTAGACGGGCGTCAACTATTTGTCCGTGCTCAGGATGAGTTGTGTAATAACTTGACCGACAGAGGCAACTAATTCGTCACGTTCTACGGCCGATAGTTTCGGGGCCGTTGTATACACCGCTACAGCGTAATCTCTCTCCTGGGCTTTAAAAAAACCAATGTCGTTCCGGCCCCCGTTGGCGCAGGTACCAGTTTTCTCTCCAACAACCCAATCTTTAGGAAAACCCGCTCGTAGTGTCGCGTCTCCCGTTTGGTTTCCGATCAGCCACCTCTCAATGGTGTGGGTCGAGGTGGACGTCAGTGCGCCGCCATAGAGGACTTTAGCCACAGTACGTGCCATAGCAATAGGCGTAGTTGTATCTCTGAGGTCGCCAGGTGTGTTGTCGCTCATCTCCGGCTCTTTCCGGTCTAGCCGACTCACAGAGTCGCCAATTTTACGAAAATACTGCGTCATTGCAGCAGGTCCGCCAATTTCTCTCAGTAAGAGGTTAGTAGCCCCATTGTCGCTAAGCTGCACCGCAGCTTGCGCTGCCTCGAGAACCGTCATGTGTCCCGATGCTAGAAACCGCTCCGTGGCAGGAGACCATTCGACGATCATGTCCGGCCCATATGAAAGTTTTCGATCCCCCCGCTCGGTGCCTGAGTCAATTCTTTCAAAGACCAGCGCGGCTAGCGGAAACTTGAACGTTGAGCACATTGCAAAACGCTGCGCCATTCGGTGGCCCGCGACGATCTCTCCTTGGGGATCGACGATCGCAACACCGATCTGAGCTGCTTTTTCGCGCTCTAGCTTCTCAAGATCGGTCTTGAAGGTTAATTTTTCCGACGCATATGCAGAGTGAGCGATCCCTGCCAGTAATAGTGCGTGAATGAAGCGCATGGTGATCCCTTGAGATGGAAATTATCTTTGTACGCCCGTCTAACGAACGAAAGTAAGCCGCCCGCCGAAGGCGGGTCGGCTTGACTGCACAG	T
11	78	gb|FJ854362|+|701-1565|ARO:3002340|GES-11	93	93	32422725	Different	32422725										32422725	ACGAATTGTTAGACGGGCGTCAACTATTTGTCCGTGCTCAGGATGAGTTGTGTAATAACTTGACCGACAGAGGCAACTAATTCGTCACGTTCTACGGCCGATAGTTTCGGGGCCGTTGTATACACCGCTACAGCGTAATCTCTCTCCTGGGCTTTAAAAAAACCAATGTCGTTCCGGCCCCCGTTGGCGCAGGTACCAGTTTTCTCTCCAACAACCCAATCTTTAGGAAAACCCGCTCGTAGTGTCGCGTCTCCCGTTTGGTTTCCGATCAGCCACCTCTCAATGGTGTGGGTCGAGGTGGACGTCAGTGCGCCGCCATAGAGGACTTTAGCCACAGTACGTGCCATAGCAATAGGCGTAGTTGTATCTCTGAGGTCGCCAGGTGTGTTGTCGCTCATCTCCGGCTCTTTCCGGTCTAGCCGACTCACAGAGTCGCCAATTTTACGAAAATACTGCGTCATTGCAGCAGGTCCGCCAATTTCTCTCAGTAAGAGGTTAGTAGCCCCATTGTCGCTAAGCTGCACCGCAGCTTGCGCTGCCTCGAGAACCGTCATGTGTCCCGATGCTAGAAACCGCTCCGTGGCAGGAGACCATTCGACGATCATGTCCGGCCCATATGAAAGTTTTCGATCCCCCCGCTCGGTGCCTGAGTCAATTCTTTCAAAGACCAGCGCGGCTAGCGGAAACTTGAACGTTGAGCACATTGCAAAACGCTGCGCCATTCGGTGGCCCGCGACGATCTCTCCTTGGGGATCGACGATCGCAACACCGATCTGAGCTGCTTTTTCGCGCTCTAGCTTCTCAAGATCGGTCTTGAAGGTTAATTTTTCCGACGCATATGCAGAGTGAGCGATCCCTGCCAGTAATAGTGCGTGAATGAAGCGCATGGTGATCCCTTGAGATGGAAATTATCTTTGTACGCCCGTCTAACGAACGAAAGTAAGCCGCCCGCCGAAGGCGGGTCGGCTTGACTGCACAG	T
12	79	gb|FN554543|+|0-864|ARO:3002341|GES-12	93	93	32422725	Different	32422725										32422725	ACGAATTGTTAGACGGGCGTCAACTATTTGTCCGTGCTCAGGATGAGTTGTGTAATAACTTGACCGACAGAGGCAACTAATTCGTCACGTTCTACGGCCGATAGTTTCGGGGCCGTTGTATACACCGCTACAGCGTAATCTCTCTCCTGGGCTTTAAAAAAACCAATGTCGTTCCGGCCCCCGTTGGCGCAGGTACCAGTTTTCTCTCCAACAACCCAATCTTTAGGAAAACCCGCTCGTAGTGTCGCGTCTCCCGTTTGGTTTCCGATCAGCCACCTCTCAATGGTGTGGGTCGAGGTGGACGTCAGTGCGCCGCCATAGAGGACTTTAGCCACAGTACGTGCCATAGCAATAGGCGTAGTTGTATCTCTGAGGTCGCCAGGTGTGTTGTCGCTCATCTCCGGCTCTTTCCGGTCTAGCCGACTCACAGAGTCGCCAATTTTACGAAAATACTGCGTCATTGCAGCAGGTCCGCCAATTTCTCTCAGTAAGAGGTTAGTAGCCCCATTGTCGCTAAGCTGCACCGCAGCTTGCGCTGCCTCGAGAACCGTCATGTGTCCCGATGCTAGAAACCGCTCCGTGGCAGGAGACCATTCGACGATCATGTCCGGCCCATATGAAAGTTTTCGATCCCCCCGCTCGGTGCCTGAGTCAATTCTTTCAAAGACCAGCGCGGCTAGCGGAAACTTGAACGTTGAGCACATTGCAAAACGCTGCGCCATTCGGTGGCCCGCGACGATCTCTCCTTGGGGATCGACGATCGCAACACCGATCTGAGCTGCTTTTTCGCGCTCTAGCTTCTCAAGATCGGTCTTGAAGGTTAATTTTTCCGACGCATATGCAGAGTGAGCGATCCCTGCCAGTAATAGTGCGTGAATGAAGCGCATGGTGATCCCTTGAGATGGAAATTATCTTTGTACGCCCGTCTAACGAACGAAAGTAAGCCGCCCGCCGAAGGCGGGTCGGCTTGACTGCACAG	T
13	83	gb|GU169702|+|608-1472|ARO:3002342|GES-13	93	93	32422725	Different	32422725										32422725	ACGAATTGTTAGACGGGCGTCAACTATTTGTCCGTGCTCAGGATGAGTTGTGTAATAACTTGACCGACAGAGGCAACTAATTCGTCACGTTCTACGGCCGATAGTTTCGGGGCCGTTGTATACACCGCTACAGCGTAATCTCTCTCCTGGGCTTTAAAAAAACCAATGTCGTTCCGGCCCCCGTTGGCGCAGGTACCAGTTTTCTCTCCAACAACCCAATCTTTAGGAAAACCCGCTCGTAGTGTCGCGTCTCCCGTTTGGTTTCCGATCAGCCACCTCTCAATGGTGTGGGTCGAGGTGGACGTCAGTGCGCCGCCATAGAGGACTTTAGCCACAGTACGTGCCATAGCAATAGGCGTAGTTGTATCTCTGAGGTCGCCAGGTGTGTTGTCGCTCATCTCCGGCTCTTTCCGGTCTAGCCGACTCACAGAGTCGCCAATTTTACGAAAATACTGCGTCATTGCAGCAGGTCCGCCAATTTCTCTCAGTAAGAGGTTAGTAGCCCCATTGTCGCTAAGCTGCACCGCAGCTTGCGCTGCCTCGAGAACCGTCATGTGTCCCGATGCTAGAAACCGCTCCGTGGCAGGAGACCATTCGACGATCATGTCCGGCCCATATGAAAGTTTTCGATCCCCCCGCTCGGTGCCTGAGTCAATTCTTTCAAAGACCAGCGCGGCTAGCGGAAACTTGAACGTTGAGCACATTGCAAAACGCTGCGCCATTCGGTGGCCCGCGACGATCTCTCCTTGGGGATCGACGATCGCAACACCGATCTGAGCTGCTTTTTCGCGCTCTAGCTTCTCAAGATCGGTCTTGAAGGTTAATTTTTCCGACGCATATGCAGAGTGAGCGATCCCTGCCAGTAATAGTGCGTGAATGAAGCGCATGGTGATCCCTTGAGATGGAAATTATCTTTGTACGCCCGTCTAACGAACGAAAGTAAGCCGCCCGCCGAAGGCGGGTCGGCTTGACTGCACAG	T
14	84	gb|GU207844|+|0-864|ARO:3002343|GES-14	93	93	32422725	Different	32422725										32422725	ACGAATTGTTAGACGGGCGTCAACTATTTGTCCGTGCTCAGGATGAGTTGTGTAATAACTTGACCGACAGAGGCAACTAATTCGTCACGTTCTACGGCCGATAGTTTCGGGGCCGTTGTATACACCGCTACAGCGTAATCTCTCTCCTGGGCTTTAAAAAAACCAATGTCGTTCCGGCCCCCGTTGGCGCAGGTACCAGTTTTCTCTCCAACAACCCAATCTTTAGGAAAACCCGCTCGTAGTGTCGCGTCTCCCGTTTGGTTTCCGATCAGCCACCTCTCAATGGTGTGGGTCGAGGTGGACGTCAGTGCGCCGCCATAGAGGACTTTAGCCACAGTACGTGCCATAGCAATAGGCGTAGTTGTATCTCTGAGGTCGCCAGGTGTGTTGTCGCTCATCTCCGGCTCTTTCCGGTCTAGCCGACTCACAGAGTCGCCAATTTTACGAAAATACTGCGTCATTGCAGCAGGTCCGCCAATTTCTCTCAGTAAGAGGTTAGTAGCCCCATTGTCGCTAAGCTGCACCGCAGCTTGCGCTGCCTCGAGAACCGTCATGTGTCCCGATGCTAGAAACCGCTCCGTGGCAGGAGACCATTCGACGATCATGTCCGGCCCATATGAAAGTTTTCGATCCCCCCGCTCGGTGCCTGAGTCAATTCTTTCAAAGACCAGCGCGGCTAGCGGAAACTTGAACGTTGAGCACATTGCAAAACGCTGCGCCATTCGGTGGCCCGCGACGATCTCTCCTTGGGGATCGACGATCGCAACACCGATCTGAGCTGCTTTTTCGCGCTCTAGCTTCTCAAGATCGGTCTTGAAGGTTAATTTTTCCGACGCATATGCAGAGTGAGCGATCCCTGCCAGTAATAGTGCGTGAATGAAGCGCATGGTGATCCCTTGAGATGGAAATTATCTTTGTACGCCCGTCTAACGAACGAAAGTAAGCCGCCCGCCGAAGGCGGGTCGGCTTGACTGCACAG	T
15	85	gb|GU208678|+|0-864|ARO:3002344|GES-15	93	93	32422725	Different	32422725										32422725	ACGAATTGTTAGACGGGCGTCAACTATTTGTCCGTGCTCAGGATGAGTTGTGTAATAACTTGACCGACAGAGGCAACTAATTCGTCACGTTCTACGGCCGATAGTTTCGGGGCCGTTGTATACACCGCTACAGCGTAATCTCTCTCCTGGGCTTTAAAAAAACCAATGTCGTTCCGGCCCCCGTTGGCGCAGGTACCAGTTTTCTCTCCAACAACCCAATCTTTAGGAAAACCCGCTCGTAGTGTCGCGTCTCCCGTTTGGTTTCCGATCAGCCACCTCTCAATGGTGTGGGTCGAGGTGGACGTCAGTGCGCCGCCATAGAGGACTTTAGCCACAGTACGTGCCATAGCAATAGGCGTAGTTGTATCTCTGAGGTCGCCAGGTGTGTTGTCGCTCATCTCCGGCTCTTTCCGGTCTAGCCGACTCACAGAGTCGCCAATTTTACGAAAATACTGCGTCATTGCAGCAGGTCCGCCAATTTCTCTCAGTAAGAGGTTAGTAGCCCCATTGTCGCTAAGCTGCACCGCAGCTTGCGCTGCCTCGAGAACCGTCATGTGTCCCGATGCTAGAAACCGCTCCGTGGCAGGAGACCATTCGACGATCATGTCCGGCCCATATGAAAGTTTTCGATCCCCCCGCTCGGTGCCTGAGTCAATTCTTTCAAAGACCAGCGCGGCTAGCGGAAACTTGAACGTTGAGCACATTGCAAAACGCTGCGCCATTCGGTGGCCCGCGACGATCTCTCCTTGGGGATCGACGATCGCAACACCGATCTGAGCTGCTTTTTCGCGCTCTAGCTTCTCAAGATCGGTCTTGAAGGTTAATTTTTCCGACGCATATGCAGAGTGAGCGATCCCTGCCAGTAATAGTGCGTGAATGAAGCGCATGGTGATCCCTTGAGATGGAAATTATCTTTGTACGCCCGTCTAACGAACGAAAGTAAGCCGCCCGCCGAAGGCGGGTCGGCTTGACTGCACAG	T
16	89	gb|HM173356|+|511-1375|ARO:3002345|GES-16	93	93	32422725	Different	32422725										32422725	ACGAATTGTTAGACGGGCGTCAACTATTTGTCCGTGCTCAGGATGAGTTGTGTAATAACTTGACCGACAGAGGCAACTAATTCGTCACGTTCTACGGCCGATAGTTTCGGGGCCGTTGTATACACCGCTACAGCGTAATCTCTCTCCTGGGCTTTAAAAAAACCAATGTCGTTCCGGCCCCCGTTGGCGCAGGTACCAGTTTTCTCTCCAACAACCCAATCTTTAGGAAAACCCGCTCGTAGTGTCGCGTCTCCCGTTTGGTTTCCGATCAGCCACCTCTCAATGGTGTGGGTCGAGGTGGACGTCAGTGCGCCGCCATAGAGGACTTTAGCCACAGTACGTGCCATAGCAATAGGCGTAGTTGTATCTCTGAGGTCGCCAGGTGTGTTGTCGCTCATCTCCGGCTCTTTCCGGTCTAGCCGACTCACAGAGTCGCCAATTTTACGAAAATACTGCGTCATTGCAGCAGGTCCGCCAATTTCTCTCAGTAAGAGGTTAGTAGCCCCATTGTCGCTAAGCTGCACCGCAGCTTGCGCTGCCTCGAGAACCGTCATGTGTCCCGATGCTAGAAACCGCTCCGTGGCAGGAGACCATTCGACGATCATGTCCGGCCCATATGAAAGTTTTCGATCCCCCCGCTCGGTGCCTGAGTCAATTCTTTCAAAGACCAGCGCGGCTAGCGGAAACTTGAACGTTGAGCACATTGCAAAACGCTGCGCCATTCGGTGGCCCGCGACGATCTCTCCTTGGGGATCGACGATCGCAACACCGATCTGAGCTGCTTTTTCGCGCTCTAGCTTCTCAAGATCGGTCTTGAAGGTTAATTTTTCCGACGCATATGCAGAGTGAGCGATCCCTGCCAGTAATAGTGCGTGAATGAAGCGCATGGTGATCCCTTGAGATGGAAATTATCTTTGTACGCCCGTCTAACGAACGAAAGTAAGCCGCCCGCCGAAGGCGGGTCGGCTTGACTGCACAG	T
17	91	gb|HQ874631|+|0-864|ARO:3002346|GES-17	93	93	32422725	Different	32422725										32422725	ACGAATTGTTAGACGGGCGTCAACTATTTGTCCGTGCTCAGGATGAGTTGTGTAATAACTTGACCGACAGAGGCAACTAATTCGTCACGTTCTACGGCCGATAGTTTCGGGGCCGTTGTATACACCGCTACAGCGTAATCTCTCTCCTGGGCTTTAAAAAAACCAATGTCGTTCCGGCCCCCGTTGGCGCAGGTACCAGTTTTCTCTCCAACAACCCAATCTTTAGGAAAACCCGCTCGTAGTGTCGCGTCTCCCGTTTGGTTTCCGATCAGCCACCTCTCAATGGTGTGGGTCGAGGTGGACGTCAGTGCGCCGCCATAGAGGACTTTAGCCACAGTACGTGCCATAGCAATAGGCGTAGTTGTATCTCTGAGGTCGCCAGGTGTGTTGTCGCTCATCTCCGGCTCTTTCCGGTCTAGCCGACTCACAGAGTCGCCAATTTTACGAAAATACTGCGTCATTGCAGCAGGTCCGCCAATTTCTCTCAGTAAGAGGTTAGTAGCCCCATTGTCGCTAAGCTGCACCGCAGCTTGCGCTGCCTCGAGAACCGTCATGTGTCCCGATGCTAGAAACCGCTCCGTGGCAGGAGACCATTCGACGATCATGTCCGGCCCATATGAAAGTTTTCGATCCCCCCGCTCGGTGCCTGAGTCAATTCTTTCAAAGACCAGCGCGGCTAGCGGAAACTTGAACGTTGAGCACATTGCAAAACGCTGCGCCATTCGGTGGCCCGCGACGATCTCTCCTTGGGGATCGACGATCGCAACACCGATCTGAGCTGCTTTTTCGCGCTCTAGCTTCTCAAGATCGGTCTTGAAGGTTAATTTTTCCGACGCATATGCAGAGTGAGCGATCCCTGCCAGTAATAGTGCGTGAATGAAGCGCATGGTGATCCCTTGAGATGGAAATTATCTTTGTACGCCCGTCTAACGAACGAAAGTAAGCCGCCCGCCGAAGGCGGGTCGGCTTGACTGCACAG	T
18	97	gb|JN596280|+|1918-2782|ARO:3002348|GES-19	93	93	32422725	Different	32422725										32422725	ACGAATTGTTAGACGGGCGTCAACTATTTGTCCGTGCTCAGGATGAGTTGTGTAATAACTTGACCGACAGAGGCAACTAATTCGTCACGTTCTACGGCCGATAGTTTCGGGGCCGTTGTATACACCGCTACAGCGTAATCTCTCTCCTGGGCTTTAAAAAAACCAATGTCGTTCCGGCCCCCGTTGGCGCAGGTACCAGTTTTCTCTCCAACAACCCAATCTTTAGGAAAACCCGCTCGTAGTGTCGCGTCTCCCGTTTGGTTTCCGATCAGCCACCTCTCAATGGTGTGGGTCGAGGTGGACGTCAGTGCGCCGCCATAGAGGACTTTAGCCACAGTACGTGCCATAGCAATAGGCGTAGTTGTATCTCTGAGGTCGCCAGGTGTGTTGTCGCTCATCTCCGGCTCTTTCCGGTCTAGCCGACTCACAGAGTCGCCAATTTTACGAAAATACTGCGTCATTGCAGCAGGTCCGCCAATTTCTCTCAGTAAGAGGTTAGTAGCCCCATTGTCGCTAAGCTGCACCGCAGCTTGCGCTGCCTCGAGAACCGTCATGTGTCCCGATGCTAGAAACCGCTCCGTGGCAGGAGACCATTCGACGATCATGTCCGGCCCATATGAAAGTTTTCGATCCCCCCGCTCGGTGCCTGAGTCAATTCTTTCAAAGACCAGCGCGGCTAGCGGAAACTTGAACGTTGAGCACATTGCAAAACGCTGCGCCATTCGGTGGCCCGCGACGATCTCTCCTTGGGGATCGACGATCGCAACACCGATCTGAGCTGCTTTTTCGCGCTCTAGCTTCTCAAGATCGGTCTTGAAGGTTAATTTTTCCGACGCATATGCAGAGTGAGCGATCCCTGCCAGTAATAGTGCGTGAATGAAGCGCATGGTGATCCCTTGAGATGGAAATTATCTTTGTACGCCCGTCTAACGAACGAAAGTAAGCCGCCCGCCGAAGGCGGGTCGGCTTGACTGCACAG	T
19	98	gb|JN596280|+|2847-3711|ARO:3002349|GES-20	93	93	32422725	Different	32422725										32422725	ACGAATTGTTAGACGGGCGTCAACTATTTGTCCGTGCTCAGGATGAGTTGTGTAATAACTTGACCGACAGAGGCAACTAATTCGTCACGTTCTACGGCCGATAGTTTCGGGGCCGTTGTATACACCGCTACAGCGTAATCTCTCTCCTGGGCTTTAAAAAAACCAATGTCGTTCCGGCCCCCGTTGGCGCAGGTACCAGTTTTCTCTCCAACAACCCAATCTTTAGGAAAACCCGCTCGTAGTGTCGCGTCTCCCGTTTGGTTTCCGATCAGCCACCTCTCAATGGTGTGGGTCGAGGTGGACGTCAGTGCGCCGCCATAGAGGACTTTAGCCACAGTACGTGCCATAGCAATAGGCGTAGTTGTATCTCTGAGGTCGCCAGGTGTGTTGTCGCTCATCTCCGGCTCTTTCCGGTCTAGCCGACTCACAGAGTCGCCAATTTTACGAAAATACTGCGTCATTGCAGCAGGTCCGCCAATTTCTCTCAGTAAGAGGTTAGTAGCCCCATTGTCGCTAAGCTGCACCGCAGCTTGCGCTGCCTCGAGAACCGTCATGTGTCCCGATGCTAGAAACCGCTCCGTGGCAGGAGACCATTCGACGATCATGTCCGGCCCATATGAAAGTTTTCGATCCCCCCGCTCGGTGCCTGAGTCAATTCTTTCAAAGACCAGCGCGGCTAGCGGAAACTTGAACGTTGAGCACATTGCAAAACGCTGCGCCATTCGGTGGCCCGCGACGATCTCTCCTTGGGGATCGACGATCGCAACACCGATCTGAGCTGCTTTTTCGCGCTCTAGCTTCTCAAGATCGGTCTTGAAGGTTAATTTTTCCGACGCATATGCAGAGTGAGCGATCCCTGCCAGTAATAGTGCGTGAATGAAGCGCATGGTGATCCCTTGAGATGGAAATTATCTTTGTACGCCCGTCTAACGAACGAAAGTAAGCCGCCCGCCGAAGGCGGGTCGGCTTGACTGCACAG	T
20	99	gb|JQ028729|+|0-864|ARO:3002347|GES-18	93	93	32422725	Different	32422725										32422725	ACGAATTGTTAGACGGGCGTCAACTATTTGTCCGTGCTCAGGATGAGTTGTGTAATAACTTGACCGACAGAGGCAACTAATTCGTCACGTTCTACGGCCGATAGTTTCGGGGCCGTTGTATACACCGCTACAGCGTAATCTCTCTCCTGGGCTTTAAAAAAACCAATGTCGTTCCGGCCCCCGTTGGCGCAGGTACCAGTTTTCTCTCCAACAACCCAATCTTTAGGAAAACCCGCTCGTAGTGTCGCGTCTCCCGTTTGGTTTCCGATCAGCCACCTCTCAATGGTGTGGGTCGAGGTGGACGTCAGTGCGCCGCCATAGAGGACTTTAGCCACAGTACGTGCCATAGCAATAGGCGTAGTTGTATCTCTGAGGTCGCCAGGTGTGTTGTCGCTCATCTCCGGCTCTTTCCGGTCTAGCCGACTCACAGAGTCGCCAATTTTACGAAAATACTGCGTCATTGCAGCAGGTCCGCCAATTTCTCTCAGTAAGAGGTTAGTAGCCCCATTGTCGCTAAGCTGCACCGCAGCTTGCGCTGCCTCGAGAACCGTCATGTGTCCCGATGCTAGAAACCGCTCCGTGGCAGGAGACCATTCGACGATCATGTCCGGCCCATATGAAAGTTTTCGATCCCCCCGCTCGGTGCCTGAGTCAATTCTTTCAAAGACCAGCGCGGCTAGCGGAAACTTGAACGTTGAGCACATTGCAAAACGCTGCGCCATTCGGTGGCCCGCGACGATCTCTCCTTGGGGATCGACGATCGCAACACCGATCTGAGCTGCTTTTTCGCGCTCTAGCTTCTCAAGATCGGTCTTGAAGGTTAATTTTTCCGACGCATATGCAGAGTGAGCGATCCCTGCCAGTAATAGTGCGTGAATGAAGCGCATGGTGATCCCTTGAGATGGAAATTATCTTTGTACGCCCGTCTAACGAACGAAAGTAAGCCGCCCGCCGAAGGCGGGTCGGCTTGACTGCACAG	T
21	101	gb|JQ772478|+|140-1004|ARO:3002350|GES-21	93	93	32422725	Different	32422725										32422725	ACGAATTGTTAGACGGGCGTCAACTATTTGTCCGTGCTCAGGATGAGTTGTGTAATAACTTGACCGACAGAGGCAACTAATTCGTCACGTTCTACGGCCGATAGTTTCGGGGCCGTTGTATACACCGCTACAGCGTAATCTCTCTCCTGGGCTTTAAAAAAACCAATGTCGTTCCGGCCCCCGTTGGCGCAGGTACCAGTTTTCTCTCCAACAACCCAATCTTTAGGAAAACCCGCTCGTAGTGTCGCGTCTCCCGTTTGGTTTCCGATCAGCCACCTCTCAATGGTGTGGGTCGAGGTGGACGTCAGTGCGCCGCCATAGAGGACTTTAGCCACAGTACGTGCCATAGCAATAGGCGTAGTTGTATCTCTGAGGTCGCCAGGTGTGTTGTCGCTCATCTCCGGCTCTTTCCGGTCTAGCCGACTCACAGAGTCGCCAATTTTACGAAAATACTGCGTCATTGCAGCAGGTCCGCCAATTTCTCTCAGTAAGAGGTTAGTAGCCCCATTGTCGCTAAGCTGCACCGCAGCTTGCGCTGCCTCGAGAACCGTCATGTGTCCCGATGCTAGAAACCGCTCCGTGGCAGGAGACCATTCGACGATCATGTCCGGCCCATATGAAAGTTTTCGATCCCCCCGCTCGGTGCCTGAGTCAATTCTTTCAAAGACCAGCGCGGCTAGCGGAAACTTGAACGTTGAGCACATTGCAAAACGCTGCGCCATTCGGTGGCCCGCGACGATCTCTCCTTGGGGATCGACGATCGCAACACCGATCTGAGCTGCTTTTTCGCGCTCTAGCTTCTCAAGATCGGTCTTGAAGGTTAATTTTTCCGACGCATATGCAGAGTGAGCGATCCCTGCCAGTAATAGTGCGTGAATGAAGCGCATGGTGATCCCTTGAGATGGAAATTATCTTTGTACGCCCGTCTAACGAACGAAAGTAAGCCGCCCGCCGAAGGCGGGTCGGCTTGACTGCACAG	T
22	103	gb|JX023441|+|37-901|ARO:3002351|GES-22	93	93	32422725	Different	32422725										32422725	ACGAATTGTTAGACGGGCGTCAACTATTTGTCCGTGCTCAGGATGAGTTGTGTAATAACTTGACCGACAGAGGCAACTAATTCGTCACGTTCTACGGCCGATAGTTTCGGGGCCGTTGTATACACCGCTACAGCGTAATCTCTCTCCTGGGCTTTAAAAAAACCAATGTCGTTCCGGCCCCCGTTGGCGCAGGTACCAGTTTTCTCTCCAACAACCCAATCTTTAGGAAAACCCGCTCGTAGTGTCGCGTCTCCCGTTTGGTTTCCGATCAGCCACCTCTCAATGGTGTGGGTCGAGGTGGACGTCAGTGCGCCGCCATAGAGGACTTTAGCCACAGTACGTGCCATAGCAATAGGCGTAGTTGTATCTCTGAGGTCGCCAGGTGTGTTGTCGCTCATCTCCGGCTCTTTCCGGTCTAGCCGACTCACAGAGTCGCCAATTTTACGAAAATACTGCGTCATTGCAGCAGGTCCGCCAATTTCTCTCAGTAAGAGGTTAGTAGCCCCATTGTCGCTAAGCTGCACCGCAGCTTGCGCTGCCTCGAGAACCGTCATGTGTCCCGATGCTAGAAACCGCTCCGTGGCAGGAGACCATTCGACGATCATGTCCGGCCCATATGAAAGTTTTCGATCCCCCCGCTCGGTGCCTGAGTCAATTCTTTCAAAGACCAGCGCGGCTAGCGGAAACTTGAACGTTGAGCACATTGCAAAACGCTGCGCCATTCGGTGGCCCGCGACGATCTCTCCTTGGGGATCGACGATCGCAACACCGATCTGAGCTGCTTTTTCGCGCTCTAGCTTCTCAAGATCGGTCTTGAAGGTTAATTTTTCCGACGCATATGCAGAGTGAGCGATCCCTGCCAGTAATAGTGCGTGAATGAAGCGCATGGTGATCCCTTGAGATGGAAATTATCTTTGTACGCCCGTCTAACGAACGAAAGTAAGCCGCCCGCCGAAGGCGGGTCGGCTTGACTGCACAG	T
23	112	gb|KP096411|+|0-864|ARO:3003181|GES-26	93	93	32422725	Different	32422725										32422725	ACGAATTGTTAGACGGGCGTCAACTATTTGTCCGTGCTCAGGATGAGTTGTGTAATAACTTGACCGACAGAGGCAACTAATTCGTCACGTTCTACGGCCGATAGTTTCGGGGCCGTTGTATACACCGCTACAGCGTAATCTCTCTCCTGGGCTTTAAAAAAACCAATGTCGTTCCGGCCCCCGTTGGCGCAGGTACCAGTTTTCTCTCCAACAACCCAATCTTTAGGAAAACCCGCTCGTAGTGTCGCGTCTCCCGTTTGGTTTCCGATCAGCCACCTCTCAATGGTGTGGGTCGAGGTGGACGTCAGTGCGCCGCCATAGAGGACTTTAGCCACAGTACGTGCCATAGCAATAGGCGTAGTTGTATCTCTGAGGTCGCCAGGTGTGTTGTCGCTCATCTCCGGCTCTTTCCGGTCTAGCCGACTCACAGAGTCGCCAATTTTACGAAAATACTGCGTCATTGCAGCAGGTCCGCCAATTTCTCTCAGTAAGAGGTTAGTAGCCCCATTGTCGCTAAGCTGCACCGCAGCTTGCGCTGCCTCGAGAACCGTCATGTGTCCCGATGCTAGAAACCGCTCCGTGGCAGGAGACCATTCGACGATCATGTCCGGCCCATATGAAAGTTTTCGATCCCCCCGCTCGGTGCCTGAGTCAATTCTTTCAAAGACCAGCGCGGCTAGCGGAAACTTGAACGTTGAGCACATTGCAAAACGCTGCGCCATTCGGTGGCCCGCGACGATCTCTCCTTGGGGATCGACGATCGCAACACCGATCTGAGCTGCTTTTTCGCGCTCTAGCTTCTCAAGATCGGTCTTGAAGGTTAATTTTTCCGACGCATATGCAGAGTGAGCGATCCCTGCCAGTAATAGTGCGTGAATGAAGCGCATGGTGATCCCTTGAGATGGAAATTATCTTTGTACGCCCGTCTAACGAACGAAAGTAAGCCGCCCGCCGAAGGCGGGTCGGCTTGACTGCACAG	T
24	1	gb|AB114632|+|655-1453|ARO:3002607|aadA7	61	61	26862905	Different	26862905										26862905	TGAATTAAGCCGCGCCGCGAAGCGGCGTCGGCTTGAATGAATTGTTAGACATCATTGGCTGGCACCAAGCAGTTTAACTGCTTCATACTTCACGAATTTAATGAGCGCCGCCACCTGATCCGCACGAGCGGGCAAATAATCTTCTTCTTGCCCAAGATAAGCCCGCTTGGCATTCAACAGGATGGGCTGATGTTGAGCTGGCAAGCGTGCCATTGCCCAAGTGGCAGCAACATCCTTTGGCGCGATCTTGCCGGTTGCTGCGGTGTACCAGATACGAGACAAAGTAAGCACTACATTCCGCTCATCGCCCGCCCAATCTGGCGGCGAGTTCCATAGCTTCAGAGTATCGGCCAGTGCCTTGAATAGATCGCTTTCTGGGACTGAGCTGAAGAGATCCTTCGCTGCTGAACCTGCCAAGACGATGCTATGTTGCTTTGCCTTTGTTAGCAGAATCGCCAAGTCAGAATCGGTTGTGGCGGGCTCGAAGATGCCCGCAAGGATGTCTTTGCGCTGCCACTCTCCGAACTGCAGTTCCCGCCTGGCCGGATAACGCCAAGGTACGATGTCACTGTGCACGACGATGGTCACTTCCAAGGCGCGGAGTGCCTTGTTTTGGCCAGGGGAAGCTGAAACCTCCAAGAGATCGACGAGCAGGGCTTGCCGCACGGCATCATTGAGCGGTGCAGCTACAGCCACCAGCAAATCAATATCACTGTACGGTTTCAATCCGCCATCCAGTGCGGAGCCGTACAAATGCACGGCCAGCAACGTCGACTCCAAGTGGCGCCCGATGACGTTGAGTGCTTGTGATAGTTGCACCGAAATCTCGGCGGGCACTTTTTCACTCATGATGTCTAACGTTGAAGTAACCGGCGCTGCGCGGTTTTATCGCGCAGCGTCCGAGTTGAC	G
25	12	gb|AF099140|+|136-1363|ARO:3002826|EreA2	128	128	31482731	Different	31482731										31482731	TTCTAACTATTCCTTCCAGCGGACTGCCAGAGGCAGCCGCTGAAGTCAAACGTTATGCTCTGTGAGCCTGGTTATTGGCGAAGCGAAAGTATGACGATTTCAGCAATAAACGCAAAAGGATAAAAAAATGACATGGAGAACGACCAGAACACTTTTACAGCCTCAAAAGCTGGAGTTCAATGAGTTTGAGATTCTTAATCCCGTAGTTGAGGGCGCCCGAATTGTCGGCATTGGCGAGGGTGCTCACTTTGTCGCGGAGTTCTCACTGGCTAGAGCTAGTCTTATTCGCTATTTTGTCGAGAGGCATGATTTTAATGCGATTGGTTTGGAATGTGGGGCGATTCAGGCATCCCGGCTATCTGAATGGCTCAACTCAACAGCCGGTGCTCATGAACTTGAGCGATTTTCGGATACCCTGACCTTTTCTTTGTATGGCTCAGTGCTGATTTGGGTTAAATCATATCTACGCGAATCAGGAAGAAAACTGCAGTTAGTCGGAATCGATTTACCCAACACCTTGAATCCAAGGGACGACCTAGCGCAATTGGCCGAAATTATCCAGGTCATCGACCACCTCATGAAACCCCACGTTGATGCGCTGACTCAGTTGTTGACGTCCATTGATGGCCAGTCGGCGGTTATTTCATCGGCAAAATGGGGGGAGTTGGAAACGGCTCAGCAGGAGAAAGCTATCTCAGGGGTAACCAGATTGAAGCTCCGTTTGGCGTCGCTTGCCCCTGTCCTGAAAAATCACGTCAACAGCGATTTTTTCCGAAAAGCCTCTGATCGAATAGAGTCGATAGAGTATACGTTGGAAACCTTGCGTGTAATGAAAGCTTTCTTCGATGGTACCTCTCTTGAGGGAGATACTTCCGTACGTGACTCGTATATGGCGGGCGTGGTGGATGGAATGGTTCGAGCGAATCCGGATGTAAGGATAATTCTGCTGGCGCACAACAATCATTTACAAAAAACTCCAGTTTCCTTTTCAGGCGAGCTTACGGCTGTTCCCATGGGACAGCATCTCGCAGAGAGGGAGGAGGGGGATTACCGTGCGATTGCATTCACCCATCTTGGACTCACCGTGCCGGAAATGCATTTCCCATCGCCCGACAGTCCTCTTGGATTCTCTGTTGTGACCACGCCTGCCGATGCAATCCGTGAGGATAGTGTGGAACAGTATGTCATCGATGCCTGTGGTAAGGAGGATTCATGCCTGACATTGACAGATGACCCCATGGAAGCAAAGCGAATGCGGTCCCAAAGCGCCTCTGTAGAAACGAAATTGAGCGAGGCATTTGATGCCATCGTCTGCGTTCCCAGCGCCGGCAAGGACAGCCTGGTT	A
26	13	gb|AF118110.1|-|71-1037|ARO:3003002|CfxA2	142	142	5661688	Different	5661688										5661688	CTTTTTAATTATCTAATTTTTCCCCACATTTTCCCCACAGCTGTCTATTTATATATTTTAGAAACATATTTTTCCGTAAAGTTATGTACCTTTGTCGGCAAATAAAGATATTCTCGTCAAACAAATATAAATAATATAAACATGGAAAAAAACAGAAAAAAACAAATCGTAGTTTTGAGTATAGCTTTAGTTTGCATTTTCATCTTGGTATTTTCATTGTTCCATAAATCAGCGACAAAAGATAGCGCAAATCCTCCTTTAACAAATGTTTTGACTGATAGCATTTCTCAAATTGTCTCAGCTTGTCCTGGCGAAATTGGTGTGGCGGTTATTGTTAATAACAGAGATACGGTTAAGGTCAATAATAAGAGTGTTTATCCTATGATGAGTGTGTTTAAGGTTCATCAGGCATTAGCTCTTTGTAATGACTTTGACAATAAAGGAATTTCACTTGATACCTTAGTAAATATAAATAGGGATAAACTTGACCCAAAGACTTGGAGTCCTATGCTGAAAGATTATTCAGGGCCAGTCATATCATTGACAGTGAGAGATTTGCTGCGTTATACTCTTACTCAGAGTGACAACAATGCAAGCAACCTTATGTTTAAGGATATGGTTAATGTCGCTCAAACAGATAGTTTTATAGCCACACTCATTCCTCGTTCAAGTTTTCAGATAGCTTATACGGAAGAGGAAATGTCGGCTGACCATAACAAGGCTTACTCTAACTATACATCTCCTCTTGGTGCTGCAATGTTGATGAATCGTTTGTTTACTGAAGGTCTTATCGATGATGAGAAACAAAGTTTCATTAAGAATACGTTAAAAGAATGCAAAACAGGTGTAGATAGGATAGCAGCTCCACTTCTTGATAAAGAAGGGGTTGTTATAGCGCATAAGACAGGTTCAGGTTATGTTAATGAAAATGGTGTTCTTGCAGCTCACAATGATGTTGCCTATATATGTCTGCCTAATAATATCAGTTATACCTTAGCGGTATTTGTTAAGGATTTCAAGGGAAATGAATCACAAGCGTCACAATATGTTGCGCATATATCAGCTGTAGTATATTCTTTATTAATGCAAACTTCAGTAAAATCTTAAACTGCACTTGCTTTGATAATTAATGATAAACAATCTAAAAGCACTCTAATCGTTATCGGAGTGCTTTTAGATTACTAATCAAATTGCTTCTATTATAATTTGAATCCTCTACTTTTTCTTTCTTCCTGTTGCGGCACTCTTGCTCCATATCTAAGCCTGTGCCATTGCTCCCTGAACCAGTCGGCAATCGGCTTCCTGTTTATTGTCAGGTTCAGCCTGCTTTCATCGTCAGGGTCATTTTCCACCCTTAAAATATCATCCTTTATATCAAAGTTCCGCCTGTGTTGCTCGGAATAGATTTTACCGCTACATTTCAGGGCTTCTTTTTTGACTATAAGACTTTCAGTCATTTCTTTAGAGAATCCCAGCATGGCACAAAACTTTTCCATGCGCAGCATTTCCCTGAACATCGGAAACCACCTGAAAGCCTTGTCTATGATTCTGGCGAGCCGTGACAGTTCTTTTTCTTTCATGTCAAGTTCCTGCCTGTGCATTTCTCTGAGATTGTGGATTTGCGTATCATGCTGTTTCTGCATCTGCTGTACTTGGCTCTGCAATTTTTCAATATTGGTGTTCCGTTTTGAAACCTCGTCTTGCAGTTTTTCGTTGGCACGTTCCAGTTCTTTCAGTTTTCCACTCCCGAAAAGAGAAGCAACTCCACTAGTTATGGCTGTCGCTGCCGTGGTGGCTGTCTTCTTTAACTTGTCAGTGCGTATTTCTGATTTCACCTGTTTCAGTTCCTGCTCGGCAAGATTTATCTGTTCTTCTTTGTGCCGTTTGGCTGCATCCATGCGTTGCAGTTCAGCTTTCTGCTTCTCAATGATAAAGTCGTTCCGTTCCAGATGCTCCTTACCAGTGACAGCCTTTGACTGCCCGCGTTCCATCAGCAGGATGTCGGATGCAAGGGTCTGCATCTGCATCATGTCATCGTCATTGAGCTTTCGGCTCTTTCCTGTTTCGTGGTTCATCCAGTCGAAAACGATATGGGCATGATAGTTCGGCTTGAACCATCTGTCCCCGACTTTGAAGCTTTCCCTGTCTTCCGCTTCCGGCTGACCGTTCAGCCAATGCCCTTCATCCTTGTGCAGGAAGATTTGCAGCGGTGTGATTCCCCAGCGTCTTTGACACTCCTCACCGAATTTACGCACGTCTGCCAGTGTGGTGTCCGACCTGACAAGCAGCACTCCTTCACGTATGGGGGAGCATCCCGCAATCTTGACTATTTTACCGTTCTTGCCTTTGCGTTCACGCTCCTTTTCCTGCATGGCACGTCCGGTCTTTTCCTTTACCATCTGTCTGATATTGTCATAATGCATCCGCAAATCCGGACTGCCGAAGTCGGGATTTATCCACTGTTCGTTATCGGTGGATAGTTCAGGAACGACATAGATTCTGGACTCTCCGATGTGGCGCATGTATTCGGCAGTCCTCCTGTTGTGAGCCTCGCTCGATGCGATGTTGCAGGGCTTGATATGTATGCTTGATTTTGTTGCCATAGATACTTGTTTTTTGGTTTGTACTTTATTGTTTGCTTTTCCGCTGTCCGTAAACGCATGGGGTTCTTAGGGGTGCAACCCATAAGCGGAGATTGCAAAGAGAGGGTCACTCTTTGCTCTGGGTTCTCAGGGGAGAAACGCCCTGAGTGGGTCATTAGGGTAAAACCCTAATCCCCTCGGGAGAGCCCACAACTACGTAAGCGGAGCGTGTAGTTATAGTGGGCTATATCAATGGCAAGCCATTGTCTGCAAACTCCAGCCTACGGCTTCCGCTCTCCTCCGTCAGGGAGGTTTTTCATCATCGTTGCCGATTGGAGATGCACCGACCAGCACAAGGTCTAAATCGTCTATCAGTTTTTGCAGGACGGGATTCTTCTCTATCATCCGCTGGAGGATTCTCTCAGCCTCGACCAAGTGGTTGGCTGTACTCATCACCTTGCCCTCCCGTATCTGAAAGATAATCCAATCGGCTATGTCGATATGGGCTTCTTTTTGTTTCGGGGTGGCATTCCTTTCGATGATGTCCGAAACCACCACCTTACAAAAGTACATGCTCTCGGCTCGCTGTTTCCACTCGGCATAAGCATCGGCATCGGGAAAGAGAAGCACGGTTCGCCCTGACAGTACACGGAGTTTCTCTTCTCTCATCTGACTCTTACCACCCGTAGCCAGCCATACATAATCGGGGAAGATAGCAGAACCGATAACGGCACTCTTCTCGGATTCCACCAAGACCACCACCTTGTCGGGATGCGTTTTCAACAAGTGTTCCCCGAAAAGGCATTGGGATAGTTGCCAATCCTCTGCCAACACACGCTGCTTTTTCAATATGCTGTGTATCCAGTTCACTGCCGATGTCTGTCCTCCCTTGATACGGTGTCCGTCTTCGGGATTGTACTGCATCACCTTTCCCGTGCGTACCTTGCCCGTCCTGTCTATCTGCCAAAAGATAACAGAGCCGTCACGGGTAGCCCCCAAACGGTATTCCTCCAACAACCGCTTCAACACCTCTTTCGCCTTGTCGCCATAGTAGGAAGTAAGGAGTGTGAAGAGGAAACGGAAGAAATTGCTACGCTCGCTTTGCGACTTCTCCACATAGTGAGGGGGAATATAGCCGATGGCTGTCGGCTTACTTTGCTGCTTCACTTTCTTCTGCTCTGCTCTTTGCCTGTCAAAAGAGAAATCATTGGTAGTTCTGTGTTCAGGATGCTCTTGAAAATACTCTTTCGGAGTGTAGTGATACCCACAACCGCTTTCGTGGTTACATCTGCCGACCGATGGATGCAACGGCACATTATTTTCGTCCACGTAATAGACGAAAGAATGCCTGTCTCCGCATTTGGGGCAGGTATGCCGTGTTGCCGTTCCTTTATACTTCTGTAATGAATAATTGCCCATAGCTTAGTCCGTTTTTGATGGTTGATTGTCGGCTGTCCCATCCTGTCCCATTGTCCCACACTCTAAGGGTTGGGACAGTGGGACACTTGGGACACCTGCGTTTTTACTCTCTTTGCTGCGCTGGATGATACGGTTTACGGTGGACTTGCCACAATTCACCTGTGAGGCTATCTCCCTGACGGACTTGCCCGATTGGGAGAGTTGCAGAATTTGGCAATCCCTTTGGCTTGATTCATTGTCGCCCAATTTTTTCAAGTGTTCCTTTTCCGTGGAATAGCCCCTGAACACGAACTGCAAGAAAGCATCCACCTTGTCAATCTCGTAAACGATTACATTATCCGCATCATGAGAGAACGTGCCATAGCGCACTTTAAGCTGCTTCACATAGCGAAGCCCTCCGTCTTGGGCACTTTTTCCAATGGTGAACACGCTGTCAAAGAAATTGTAGAGCCGTTTGCTTCCGGCAAGGTCGTTGGATGTGATGGGACAATCCAAAGAGCGTTTGGGCGTATGTGCTAGGACAAGGATAGAGAGCGCATATCTCTTTTTGAGATTGTTCAGCTGAATCATCAGCCGTCCTGCGGCATCGCCTTTCTCCATGGCGCAACACAGGTAGGTAAGATTGTCAATGATGAAAATCTTGCAGTCGGTCTGCACAGCCATCTGTTCAATGCCGCCTATGATAGCTTCCTCAAAGTTGGCATCCAAAAGCTGGTTGCAGTCAATAGACACCCGATAGATTTTGTCGGGAAAGGTGTAGAGCTCTCCATGCTCGTTGGTATAGCGGAGCTGGAACTGCTTTTCGGACAGTTCAAAGTCCAGATACAGCACATTGTCGGTTCGGGCGATGCGGTCGGCTATCTGCACGGCAAGGATGGACTTGCCCACATTGGAATCGGCAAACAAGCAGGAGAGTTCCCCCTCGTACCAAAAGCTGTCCCAC	A
27	15	gb|AF137361|+|63-852|ARO:3002605|aadA5	57	57	1370533	Different	1370533										1370533	TCTGCGCTCAAGCGGACTGGCTTTCAGCCAGCCGCTTACCTTGGCCGTTAGGCATCATGGGTGAATTTTTCCCTGCACAAGTTTTCAAGCAGCTGTCCCACGCTCGCGCGGTGATCGAGCGCCATCTGGCTGCGACACTGGACACAATCCACCTGTTCGGATCTGCGATCGATGGAGGGCTGAAGCCGGACAGCGACATAGACTTGCTCGTGACCGTCAGCGCCGCACCTAACGATTCGCTCCGGCAGGCGCTAATGCTCGATTTGCTGAAAGTCTCATCACCGCCAGGCGATGGCGGAACATGGCGACCGCTGGAGCTAACTGTTGTCGCTCGAAGCGAAGTAGTGCCTTGGCGCTATCCGGCGCGGCGTGAGCTTCAGTTCGGTGAGTGGCTCCGCCACGACATCCTTTCCGGAACGTTCGAGCCTGCCGTTCTGGATCACGATCTTGCGATTTTGCTGACCAAGGCGAGGCAACACAGCCTTGCGCTTCTAGGCCCATCCGCAGCCACGTTTTTCGAGCCGGTGCCGAAGGAGCATTTCTCCAAGGCGCTTTTCGACACTATTGCCCAGTGGAATGCAGAGTCGGATTGGAAGGGTGACGAGCGGAACGTCGTTCTTGCTCTTGCTCGCATTTGGTACAGCGCTTCAACTGGTCTCATTGCTCCTAAGGACGTTGCTGCCGCATGGGTATCGGAGCGTTTGCCTGCCGAGCATCGGCCCCTCATCTGCAAGGCACGTGCGGCGTACCTGGGTAGCGAGGACGACGACCTAGCAATGCGCGTCGAAGAGACGGCCGCGTTCGTTCGATATGCCAAAGCAACGATTGAGAGAATCTTGCGTTGAGC	A
28	46	gb|AY138986|+|0-789|ARO:3002604|aadA4	57	57	1370533	Different	1370533										1370533	TCTGCGCTCAAGCGGACTGGCTTTCAGCCAGCCGCTTACCTTGGCCGTTAGGCATCATGGGTGAATTTTTCCCTGCACAAGTTTTCAAGCAGCTGTCCCACGCTCGCGCGGTGATCGAGCGCCATCTGGCTGCGACACTGGACACAATCCACCTGTTCGGATCTGCGATCGATGGAGGGCTGAAGCCGGACAGCGACATAGACTTGCTCGTGACCGTCAGCGCCGCACCTAACGATTCGCTCCGGCAGGCGCTAATGCTCGATTTGCTGAAAGTCTCATCACCGCCAGGCGATGGCGGAACATGGCGACCGCTGGAGCTAACTGTTGTCGCTCGAAGCGAAGTAGTGCCTTGGCGCTATCCGGCGCGGCGTGAGCTTCAGTTCGGTGAGTGGCTCCGCCACGACATCCTTTCCGGAACGTTCGAGCCTGCCGTTCTGGATCACGATCTTGCGATTTTGCTGACCAAGGCGAGGCAACACAGCCTTGCGCTTCTAGGCCCATCCGCAGCCACGTTTTTCGAGCCGGTGCCGAAGGAGCATTTCTCCAAGGCGCTTTTCGACACTATTGCCCAGTGGAATGCAGAGTCGGATTGGAAGGGTGACGAGCGGAACGTCGTTCTTGCTCTTGCTCGCATTTGGTACAGCGCTTCAACTGGTCTCATTGCTCCTAAGGACGTTGCTGCCGCATGGGTATCGGAGCGTTTGCCTGCCGAGCATCGGCCCCTCATCTGCAAGGCACGTGCGGCGTACCTGGGTAGCGAGGACGACGACCTAGCAATGCGCGTCGAAGAGACGGCCGCGTTCGTTCGATATGCCAAAGCAACGATTGAGAGAATCTTGCGTTGAGC	A
29	39	gb|AM412317.1|-|3035492-3036527|ARO:3004146|cfrC	2308	2308	24062600	Different	24062600										24062600	TTTGCAGTTACATGTTCCTGAGGGATTTCCTGGTGCATTTCGTTTATTGCCACATAGGGATTCGTTTTTACCCATATTGTCTCATTTCCCTTTCTAATCTCTACTCCTGGATACAAGGGCTCTACCCCATATTGGGTAAACAAATCATAAAACCTGTTTCCTTGCACCAAGGGAGCTATACTGATATTTTGTTCATGTTAATTAGCCTATTTCTACAACATTTCTGTCCACTCAACCTACCCAAAAGCAATGCTATCACTCAACTATGTGACTTTTTATCGGTGGATAAACTCCCCAAAAACTGGATTTCACAAGGTTTTCTGCTGTTCTGCAATTGTTCAAAATACGTAGAACACCTTGTTTACTACACTTTTCAATTAATTATTTTTCAGCCTTTGACATCAATACTACCGTCTCAATGTGTGTCTGTACATAGGTTTTATGTAATTTTAGTTTAACAATATAATATGGGTATATGTACTATTTGGTGAAACTTACCCCACGGAGTGTCATTGATAAATTTCCTGGCAGTCTAGTCGCATAAAAAACGACGTACCTGCAATGAGTAGACAAAAAAGATGCCGCTTAAACCCAGTGGGGCCTTGGCGGCATACTAACATCTAATCAATTTTCATAACACAACTGTCCGCAAGCAGCACTAATTTCAGAACCAAATTGTGTTCTAACAGTTGCACTAATACCAGCTTTTTTTAGTGTACTGCAAAATTGCTTGGTAGCACTTGAAGATTGAAATTTAAAAGTTGTTTTGTCGGTAGAATTATAAGGTATCAAATCAATGTGATATAAATGCTCCCATGAGCCACGATTTTTCAATAAACTTACAACTGCCTCTGCATGTTCTTTCGAATCATTAACTCCTTCAAGCATAATATAAGCAATAAACACTCGTCGTCCTGTATGAATGATATGTTCATCTAATGTCTTCATTACCCCATTCAATGGAAATTTTTTATTTATAGGCATTAAATCGCTTCGTTGACTTTCAAATGGTGAATGAAGTGAAAAAGCTAGATTCACTTGTGGGAAATCTTTGGTCAATCTTTGAATTCCTGGTATAATGCCAACTGTTGAAATAGTAATTCTTCGTTGACTTAACCCAAATAAATTTTGGTCAGTTAAAATTTTTACTGCATCAAATAACTCCGGATTTGCAAGAGCCTCACCCATTCCCATAAATGAAATACTATTCAATCTATGGTCATTAAAATATAAATAAAGTAATTGGTCAGTTATCTCATCAGCAGTAAGATTGCGTTTAAATCCCGCACTTCCCGTTGCACAAAAACGACATCCAAAGCCACATCCACATTGGGAAGAAATACAAAACGATTCCCACCCCTGTTTATACTTTAGTCCAACAGCTTCTATTCTTTCTCCATCAGTCAATTCGAATAACAATTTTTGAGCTTGTTTAGAATCTTGTGAAAAAACAGGTATTACACTAGATACATTATTTCCAAACTCATTTACTAAAGCTATCCTTAACGCTTTTGGTAGTATATGCATATCATCAAAATTATCTATTTTTTGATGAAAAATAGCTTTTGTAAGCTGCTCGTATCTATAATCAGGTAATTTTAGATTTGATATTATTTGTTTCATTTTTCCATACTTTGTTTTTGTCTGTTTCATGTAGGCTTCCTCCTCACTATTAATAGTTAAGAAGCAAAGCCAGTATAATTAGCGACTTATAACTACTCCATGCAAGCGTCGCCCAAAACATCTGGCTTTGCATGGAGCCTATTGTGTGTTACTTTTATATTCCCATTAAACATATTAATTTCCATTTCTACCTTTACAATTGTATTGTTTTTGTTGCAACATTTTCACAAAATGTACTATCATGCTCAACAAACAAAATTGTAGGTTCATGTTCAATTAACAATTTCTCAATCTGCATACGAGAAATGACATCAATAAAGTTCAATGGTTCATCCCAAATATACAAATGTGCTCGTTCACACAAACTTTTAGCAAGCAATACCTTTTTCTTCTGTCCTCCACTAAAATCCTCAATATTCTTTTCAAACTGTTCTCTTGAAAAATCAAGTTTTCTTAGCAGCGATTTAAATAAGCTCTCCTCAATACGGTGTTTATCTGCATACTCAGATAAGTTACCATCTAAATCCGAAGTATTTTGTGAAACATACGAAATAATTAACCTATTATTCCTTTTTACAATTCCACTATGGGGGATGTCCTCTCCATAAATTAATTTCAATATGCTTGATTTTCCGCTGCCATTCTTCCCTTGAATAGCAATCTTTTCACCTTGCTCTATAGTGAAACTTACTCCTTCACAGACAATTCTATCATCATATTCAATTGCAACATCTGTAAGTTCTACAAGTTTTTTGTCATAGAAAGTAAGCGGTGCTATTTTTAAGCTTTCATTAGATTCAATATTTTTAAGGAGCTTTGATTTTTCATCAATCATATCTTGTTGTCTAGATTCTATATTTTTAGCACGCTTCATCATTTTTGCTGCTTTGTGTCCAACATAACCTTTATCTAATTTACTCCCTGAATTAGTAGTTCCATGCTTGCTGCTTTCCACACTATCTGACCATACAGTTGTACGTTTCGCTGAACTCGAAAGTCGGCCGATATCCTTTTTCAATTTTTCATTTTCTGCTAATTCAAAACTATCTTGTAATTCTTTGTTTCTCCACCATGAAGAAAAGTTTCCTCTCTGTATTTCAATATTAGTTTTGTTAATTGCTAGAATATGATCAATACAATTATCTAGAAAAGCTCTATCATGTGAAATCAGAATAAATCCTTTCTTTTTTGCCAAGTAGCTACTGAGCTTTTTTCTACCTTCTGCATCCAAATGATTTGTAGGCTCATCAATAAGAAGAAATGAGTTTTCCTTCAAAAACATTGCAGCAAGCAAAGCTTTGGTCTGCTCACCTTTTGATAGTGTATTAAACTGTCTATATAAAACATCATCATCTATATCCAACAAGGATACTTCTTTCATTATTTCCCAATCCATTGAATTGGGACTGATTTCCTTTATGATATCTATGGTAAAACTTTCTGGATCCTGCATCTCATAAGGAAAATATTCAAAAGTTACATTAGCTGATATACTTCCATTATATTCGTATTTCCCAAGCAAAAGATTTAGAAAAGTAGTCTTTCCTCTTCCATTTCTTCCGGTAAAGCCCAATTTCCAATCGGTATCAATTTGAAAACTTACATTTTCAAAAATATTATCATAGCTACCTTCATAAGCAAAGGTTAGGTTTGTAACATTTATTAAAGACATATTTTTGTCCTCCTCTGTATTTAATAGTATAAATAACAAAGTCAGAACAATAGGCGACCTTGTTATTACTCCATATAGGTATCGCCTGCAGTGTCCGACTCTATATGGAGATTATCATGTGTTAGCAAAGTGTCTTTATTTATCATAATGTTATTTGTCCTCCTTATTCGAATTATTTATAAAAAAGTAAGAGCCGCAATAATTAATTATTCTTACAGCTCATAGGTATACATAGTTAAGCTAATCATTTTAGCATAACACAAGTGTATATATTAAGAGAAAAAAGAATAACTTTCTTGCATAAGCACAACAAAACAAACAGAACGCACCTGTCTATCTTTGTATTAAATGTACTTTAAAATTAGCAAGAAAAATTAATCATTTTTTCACCTCAAATTTCAATTTTTATCATTATACTATAATAGGTCAAAAAAGTCAATAAAGAGTGAATCGAAAAAACCGCCAACCAAGAGAGGATTAATCTCCTAATTGGCGGTCTGTATCCAAGTTATGCTTATACTTCTACTTCAATTCCTGACTTAAACCTCACAACCAAGTTGTTTTCAAATATAGTTCCTGAATTATTCATAGGTTTTCAGAAAACACCTTAAAATGTTGTTCTATCAACGTATTCTTTATTTCACGTTCACACCCAAAAGGTGTGA	A
30	44	gb|AY007784|+|1122-1923|ARO:3001431|OXA-37	73	73	26714083	Different	26714083										26714083	AGCAAGCTTTTGGCTCCCCTCGCTGGCGCTCGGCGCCCCTTATTTCAAACGTTAGGCACCAAAGGAGGCTCCTTGATAATCCGATTTCTAGCACTGCTTTTCTCAGCTGTTGTACTTGTCTCTCTTGGTCATGCACAAGAAAAAACGCATGAGAGCTCTAATTGGGGGAAATACTTTAGTGATTTCAACGCTAAAGGTACAATAGTTGTAGTAGATGAACGCACAAACGGTAATTCCACATCGGTTTATAATGAATCCCGGGCTCAGCAGCGCTATTCGCCTGCGTCCACATTCAAGATTCCGCATACCCTTTTTGCGCTGGATGCAGGGGCGGTTCGCGATGAGTTTCATGTTTTTCGATGGGACGGCGCTAAAAGAAGCTTTGCAGGTCACAATCAAGACCAAAACCTACGATCGGCAATGCGCAATTCTACCGTTTGGGTCTATCAACTATTCGCAAAAGAAATAGGCGAAAACAAAGCACGAAGCTACCTAGAAAAATTAAACTACGGCAATGCAGACCCCTCGACCAAGAGCGGTGACTACTGGATAGATGGAAATCTTGCAATTTCAGCAAATGAACAAATTTCCATCCTAAAGAAGCTTTATCGAAATGAGCTTCCTTTTAGGGTAGAGCACCAACGCTTGGTTAAAGACTTGATGATTGTCGAAGCCAAACGCGATTGGATACTACGTGCCAAAACAGGCTGGGATGGTCAAATGGGTTGGTGGGTCGGTTGGGTAGAGTGGCCTACAGGCCCAGTATTTTTTGCGTTAAATATCGACACGCCAAACAGGATGGAAGACCTTCATAAACGAGAGGCAATTGCGCGTGCTATTCTTCAATCCGTCAATGCTTTGCCACCCAACTAGCAGCCCAAACCCCCTGTTGTGCCTAACAAGGCGCTCAAGTCGGACAGCCCAAACCGGCGCATGCTTCGCATTATGCGCGCCGGTTCGGTACGTTGCGCGCTTCGCGCTCCACTCTGCCGCTTAGCTTGGCGTTATGCTTTTTAACCAACCGAAAGGAAACGCGATGAGTGAGAAATTTTTAACCGGTCTGGACTTGGAACCCATCATGGTCAAGGTCATGGATGAAGAGGAAGGATTGGGATGGTCGCTTGACTATACAAAAAGAGTAGCAGCCGAGTACGAAAAATACCTGATCCTTTGCAAGGAGCTTCCCGAAGAAGCTCTTGTTCCCTCCGCTGCAGTCGATGATTTTTGGCATTTCCATATTCTTGATACTCAGAAATATCAAGAGGACTGCCAGATGTATTTTGGTTACTTCCTCCACCACTTTCCGTACTTTGGCATGCG	T
31	59	gb|BX664015.1|-|103017-103833|ARO:3002641|APH(3')-Ia	121	121	27227585	Different	27227585										27227585	AAGGCCTTTGAATAAGACAAAAGGCTGCCTCATCGCTAACTTTGCAACAGTGCCAATTTATGAGTAAAGGATTATGTCCACGATAAGCACCTGGGTCGATTCCTGGGAGGCGGCCATGAGGGTAGGGAAGCGCCGTCCCGTCAAGTCAGCGTAATGCTCTGCCAGTGTTACAACCAATTAACCAATTCTGATTAGAAAAACTCATCGAGCATCAAATGAAACTGCAATTTATTCATATCAGGATTATCAATACCATATTTTTGAAAAAGCCGTTTCTGTAATGAAGGAGAAAACTCACCGAGGCAGTTCCATAGGATGGCAAGATCCTGGTATCGGTCTGCGATTCCGACTCGTCCAACATCAATACAACCTATTAATTTCCCCTCGTCAAAAATAAGGTTATCAAGTGAGAAATCACCATGAGTGACGACTGAATCCGGTGAGAATGGCAAAAGCTTATGCATTTCTTTCCAGACTTGTTCAACAGGCCAGCCATTACGCTCGTCATCAAAATCACTAGCATCAACCAAACCGTTATTCATTCGTGATTGCGCCTGAGCGAGACGAAATACGCGATCGCTGTTAAAAGGACAATTACAAACAGGAATCGAATGCAACCGGCGCAGGAACACTGCCAGCGCATCAACAATATTTTCACCTGAATCAGGATATTCTTCTAATACCTGGAATGCTGTTTTCCCGGGGATCGCAGTGGTGAGTAACCATGCATCATCAGGAGTACGGATAAAATGCTTGATGGTCGGAAGAGGCATAAATGCCGTCAGCCAGTTTAGTCTGACCATCTCATCTGTAACATCATTGGCAACGCTACCTTTGCCATGTTTCAGAAACAACTCTGGCGCATTGGGCTTCCCATACAATCGATAGATTGTCGCACCTGATTGCCCGACATTATCGCGAGCCCATCTATACCCATATAAATCAGCATCCAGGTTGGAATTTAATCGCGGCCTCGAGCAAGACGTTTCCCGTTGAATATGGCTCATAACACCCCTTGTATTACTGTTTATGTAAGCAGACAGTTTTATTGTTCATGATGATATATTTTTATCGGCACTGTTGCAAATAGTCGGTGGTGATAAACTTATCATCCCCTTTTGCTGATG	G
32	116	gb|L09246|+|543-981|ARO:3002554|AAC(6')-Ig	1	1	34689	Different	34689										34689	CAAGTGGTGCGCTCGCACGGCTACCCAAACTTTTGCAAACCTATCAACCTGAAGTTGTCGTCATTGAGCTGGGTGGAAATGATGGTTTACGTGGGCAACCACCGCAGATGATACAAAACAACCTCGCTCAGCTGGTACAACTGAGCCAAAACCAAAAAGCCACTGTGCTTTTATTTGGCATGAAAATACCGCCCAATTATGGCACAGCATACAGTTCTGCTTTTGCAAATACTTATAAAGTGGTCAGCCAGCGTTATAAGATTAAACTACTGCCGTTTTTTCTGGATGGTGTGGCGGGATATAAACATTTAATGCTAAACGACCAAATTCACCCCAATGCCAAAGCACAACCAATCATGCTTAACTTGGCTTATCCTTATATTCGAGGGGCGTTGTAAATAACTGCATCTCAAGTTGGATTAATCTATTTTTTTACTAAAATAAACGACTTTTTCAGTTTCTTGAAAACCTAATGAACGATGCATAGCATGACTAATTACATTGTCCAATGCAGCATCAGATGCAAATTCAGTGCAAGAAAATTGTTTTGCCCACACTTCGACCTGTCGAATAAGCATGGTTGCAACGCCCGAGCGACGCTGTTCTGGAAGTACGTAAATACCTTCCAAAAAACCCACAGGAGAAGTCTCAGTCCCATTCACATATTCAAACCGAATTGAGGCTTCTAACATCGCAATAGCTTGGTGCTCAGAATAGGCTAATAATTGTAGGGCATATTTTTCGGTTAATAATTGATGCATCTCTTGTAAATGAGAAGATTCAGAATCACTCCACAATTTATTTCTTAATTCTAACCAATCTTTGAGTGAAGCTTCTGAT	C
33	122	gb|M35190.1|+|308-932|ARO:3004454|Campylobacter_coli_chloramphenicol_acetyltransferase	102	102	7014724	Different	7014724										7014724	GGAGTTCAGACGTGTGCTCTTCCGATCTTAATTCATCCAAAAAACGGCAAACATGAAAGCCATCACAAACGGCATGATGCACTTGAATCGATAAGGGAATATAGTATTTTCCGCCATCCTCATAATACTTCCCAAACGTAAATATCGGCAGTAGATAGTCATATCCTTTTTTTAGATTTAAGTTAAAGCCTTCAAAGCTTGTCCACGGTATCATAGAAACAGGGAAAGTGTTTTCCGGAGGATTAGGCTTTGCGAACATTCCCTTTCGTTCACCATAAGCGTCTATATCCTTTTGATAGTTCTGAAGAAACTCAGTATAGTCTGCTGTAAACTCAGTCCAAATACTCGAAAAGGTTTCAGTTTCCTTATGAAAGATTGTGTAGCAAGGCAGCATTTCTGAAAAAACACCTACCTGTCCGTTTTTATCTAATGCCGTCCTGAACTCTTCGTGTCGATTGAGGATTGTTGTAACCCCATATAAGAGAGTCGGATATAATTTTTTTCCATCCTTTTTCAACTTAGAAATATCGAGTTTTACCGTCATACTATATGTGCAGGGCGTATTGTCAAAATAGTGGTCGAAATACTCTTTTCGTGTCCAATTATTTATATCAATCTTTGTGAATTGCATCATTTATCCTCCGCAAATTCTAATTTACTAATTTTATTATACTTGAAAAATACGCAAATGGCAAGTGTAAGTTGGACACCTGCACGGTAGAACTTAGTGAA	T
34	128	gb|U00096.3|-|3203309-3204131|ARO:3002986|bacA	1167	1167	840686	Different	840686										840686	TTTCGCGCTTTCTTTTGAATTTCGTCCAGATTTTTGTCTCCTGACGACGCCACAGACGCTGGATGTTGTCATGATGACGCAGCAGGATCAGGCAAGAGAGCATCGAAACCGGGAAGGTGAATTGTGGCTTAAACCACCAGACATAAAACGGAGCAATCAGTGCACTGACAATCGCTCCCAGCGACGAGTATCCGCTCAATAGCACGGTCAGTAACCAGGTTCCCGCCATTACTCCGGTGAGATCCCAGCCAATGGGTGCGATGGCACCAAAAGCGGTAGCAACGCCTTTTCCTCCTTTAAATCCGAAGAAAACGGGCCAGATGTGTCCAAGACAGGCGGCGATGGCAATTAAGCCTAGCCAGAAGGGGCTGACACCTAATTCATACGCGCCCCAGACGGGCAACATTCCTTTCAGAACGTCGAAAATCAGTACTGCTACGGCTGCTCCCTTGCCACCGATACGTAACACATTGGTTGCGCCTGGATTGCCGGAGCCGCTGGTTCGCGGATCGGGCAGCCCACACAAGCGGCAAACCAGAATGGCACTGGAAATGGAGCCGCAGAGGTACGCGATGAGGATCATTCCAGGCGCGATTGCACTCATAAGCTGTTCCGTTTTGAAAATTCGTGTTCAACGATGAATCTGTGGATAATACGCACATTTCGCCGGAAGTGGTATCCGGTTAGCCAAAAAGCAGGCAGGACGTGATGGATATTGTATTTATAGAGCAACTTTCGGTAATCACCACTATTGGTGTTTACGACTGGGAACAGACCATCGAACAGAAGTTAGTGTTCGATATCGAAATGGCATGGGATAACCGTAAAGCGGCGAAAAGTGATGATGTGGCGGATTGCCTCAGTTACGCTGACATTGCAGAAACGGTGGTCAGCCACGTCGAGGGGGCGCGTTTTGCGCTGGTGGAACGCGTGGCTGAAGAGGTGGCGGAGCTGCTGTTAGCACGCTTCAACTCGCCGTGGGTGCGTATCAAACTCAGCAAGCCAGGCGCAGTGGCGCGGGCGGCGAATGTTGGCGTAATCATTGAGCGTGGCAATAATCTGAAAGAAAATAATTAATTTTACAGCTGTTAAACCAAACGGTTATAACCTGATCATACGCAGTAGTTCGGACAAGCGGTACATTTTAATAATTTAGGGGTTTATTGATGAGCGATATGCACTCGCTGCTGATAGCGGCAATATTGGGTGTGGTCGAAGGATTGACAGAATTTCTGCCGGTATCCAGCACGGGCCATATGATTATTGTCGGTCACTTGTTGGGGTTTGAGGGCGACACGGCGAAAACCTTTGAAGTTGTGATCCAGTTAGGATCAATTCTGGCGGTAGTAGTGATGTTCTGGCGGCGTCTGTTTGGCCTGATTGGCATCCACTTTGGCCGCCCGTTGCAGCACGAAGGTGAAAGCAAAGGTCGTTTAACGCTGATCCACATTTTGCTGGGGATGATTCCGGCGGTGGTACTGGGGCTGTTGTTCCACGACACGATTAAGTCATTGTTTAACCCGATAAATGTGATGTATGCGCTGGTCGTTGGCGGTTTGTTGCTGATTGCCGCCGAATGCCTGAAGCCGAAAGAGCCGCGTGCGCCGGGTCTTGATGATATGACCTATCGTCAGGCGTTTATGATTGGCTGTTTCCAGTGTCTGGCGCTGTGGCCGGGTTTCTCCCGTTCCGGGGCGACCATTTCAGGTGGGATGCTGATGGGGGTGAGCCGTTACGCTGCTTCCGAGTTTTCGTTCCTGCTGGCGGTGCCGATGATGATGGGCGCAACGGCGCTCGATCTCTACAAAAGCTGGGGCTTCCTGACAAGCGGCGATATCCCGATGTTTGCCGTTGGGTTTATCACCGCTTTTGTGGTGGCGCTGATAGCGATTAAAACCTTCCTGCAATTGATTAAGCGCATTTCGTTTATCCCGTTCGCCATTTATCGCTTTATTGTGGCGGCTGCGGTGTACGTTGTGTTCTTTTGATGTGAAGAACAGTGTCGGATATGATGCTGACGCGTCTTATCAGATTGCGTAGGCCGGATAAGGCGTTCACGCCGCATCCGGCAATCAACGCCTGATGCGACGCTTGCGCGTCTTATCAGGCCTACAACTGTCGTTGACATGTAGCCGGATAAGGCGTTTACGCCGCATCCGGCAAAATGCCCAATACTCATTCAGGCTTTGGGCAACGTTGTTCCTTCCAGCTGGCTACCGCCGCAATCC	A
